timestamp,humidity
2017-01-01 13:00:00,98.04031007751905
2017-01-02 01:00:00,98.61055555555544
2017-01-02 13:00:00,99.00208333333359
2017-01-03 01:00:00,98.48680555555529
2017-01-03 13:00:00,98.32013888888923
2017-01-04 01:00:00,97.41097222222264
2017-01-04 13:00:00,97.17361111111107
2017-01-05 01:00:00,97.11624999999992
2017-01-05 13:00:00,96.05152777777754
2017-01-06 01:00:00,96.12333333333342
2017-01-06 13:00:00,96.67486111111108
2017-01-07 01:00:00,96.1809722222223
2017-01-07 13:00:00,96.03347222222251
2017-01-08 01:00:00,96.89152777777777
2017-01-08 13:00:00,97.58597222222215
2017-01-09 01:00:00,98.19430555555626
2017-01-09 13:00:00,98.48291666666586
2017-01-10 01:00:00,99.42416666666674
2017-01-10 13:00:00,98.86124999999979
2017-01-11 01:00:00,97.91361111111084
2017-01-11 13:00:00,97.94263888888858
2017-01-12 01:00:00,99.26027777777796
2017-01-12 13:00:00,99.16930555555548
2017-01-13 01:00:00,99.47486111111151
2017-01-13 13:00:00,99.61708333333334
2017-01-14 01:00:00,99.85736111111166
2017-01-14 13:00:00,99.88097222222223
2017-01-15 01:00:00,99.90402777777732
2017-01-15 13:00:00,99.7533333333334
2017-01-16 01:00:00,100.0
2017-01-16 13:00:00,99.58444444444449
2017-01-17 01:00:00,99.84888888888958
2017-01-17 13:00:00,99.56833333333336
2017-01-18 01:00:00,100.0
2017-01-18 13:00:00,100.0
2017-01-19 01:00:00,99.72888888888869
2017-01-19 13:00:00,99.00208333333296
2017-01-20 01:00:00,99.90888888888928
2017-01-20 13:00:00,99.94319444444444
2017-01-21 01:00:00,99.64430555555607
2017-01-21 13:00:00,98.87819444444449
2017-01-22 01:00:00,100.0
2017-01-22 13:00:00,100.0
2017-01-23 01:00:00,100.0
2017-01-23 13:00:00,100.0
2017-01-24 01:00:00,100.0
2017-01-24 13:00:00,100.0
2017-01-25 01:00:00,100.0
2017-01-25 13:00:00,100.0
2017-01-26 01:00:00,100.0
2017-01-26 13:00:00,23.055555555555557
2017-01-27 01:00:00,-100.0
2017-01-27 13:00:00,-82.24694444444445
2017-01-28 01:00:00,100.0
2017-01-28 13:00:00,99.98541666666664
2017-01-29 01:00:00,84.85555555555545
2017-01-29 13:00:00,99.5247222222223
2017-01-30 01:00:00,100.0
2017-01-30 13:00:00,100.0
2017-01-31 01:00:00,100.0
2017-01-31 13:00:00,99.6304166666664
2017-02-01 01:00:00,99.09236111110994
2017-02-01 13:00:00,99.5433333333334
2017-02-02 01:00:00,99.90750000000016
2017-02-02 13:00:00,42.968611111111116
2017-02-03 01:00:00,-100.0
2017-02-03 13:00:00,-100.0
2017-02-04 01:00:00,-100.0
2017-02-04 13:00:00,-100.0
2017-02-05 01:00:00,-100.0
2017-02-05 13:00:00,-100.0
2017-02-06 01:00:00,-100.0
2017-02-06 13:00:00,-100.0
2017-02-07 01:00:00,-100.0
2017-02-07 13:00:00,-100.0
2017-02-08 01:00:00,-100.0
2017-02-08 13:00:00,-100.0
2017-02-09 01:00:00,-100.0
2017-02-09 13:00:00,-100.0
2017-02-10 01:00:00,-62.415402777777786
2017-02-10 13:00:00,-98.45319444444445
2017-02-11 01:00:00,-11.186527777777624
2017-02-11 13:00:00,88.39694444444417
2017-02-12 01:00:00,89.62875000000021
2017-02-12 13:00:00,90.39958333333323
2017-02-13 01:00:00,90.5547222222222
2017-02-13 13:00:00,90.48124999999956
2017-02-14 01:00:00,91.58291666666668
2017-02-14 13:00:00,90.86819444444427
2017-02-15 01:00:00,92.61138888888864
2017-02-15 13:00:00,92.25055555555569
2017-02-16 01:00:00,92.51819444444445
2017-02-16 13:00:00,92.68708333333299
2017-02-17 01:00:00,93.07694444444469
2017-02-17 13:00:00,93.25263888888928
2017-02-18 01:00:00,93.12319444444387
2017-02-18 13:00:00,92.5530555555554
2017-02-19 01:00:00,92.49513888888927
2017-02-19 13:00:00,91.85750000000007
2017-02-20 01:00:00,91.62222222222242
2017-02-20 13:00:00,91.66861111111143
2017-02-21 01:00:00,91.61124999999996
2017-02-21 13:00:00,90.71736111111109
2017-02-22 01:00:00,90.20083333333326
2017-02-22 13:00:00,90.3493055555554
2017-02-23 01:00:00,88.19041666666651
2017-02-23 13:00:00,88.48805555555532
2017-02-24 01:00:00,89.29944444444452
2017-02-24 13:00:00,89.44763888888876
2017-02-25 01:00:00,90.22416666666649
2017-02-25 13:00:00,91.5390277777777
2017-02-26 01:00:00,92.26541666666668
2017-02-26 13:00:00,92.78375000000008
2017-02-27 01:00:00,94.52000000000008
2017-02-27 13:00:00,94.94180555555569
2017-02-28 01:00:00,92.97055555555546
2017-02-28 13:00:00,93.3477777777777
2017-03-01 01:00:00,94.50347222222229
2017-03-01 13:00:00,95.32124999999974
2017-03-02 01:00:00,94.91041666666622
2017-03-02 13:00:00,95.65944444444469
2017-03-03 01:00:00,95.10347222222256
2017-03-03 13:00:00,93.32930555555572
2017-03-04 01:00:00,92.83625
2017-03-04 13:00:00,90.00236111111126
2017-03-05 01:00:00,93.28638888888858
2017-03-05 13:00:00,93.69583333333328
2017-03-06 01:00:00,96.30763888888869
2017-03-06 13:00:00,98.36222222222142
2017-03-07 01:00:00,99.03763888888943
2017-03-07 13:00:00,98.60166666666665
2017-03-08 01:00:00,98.52888888888849
2017-03-08 13:00:00,95.71027777777792
2017-03-09 01:00:00,97.93722222222206
2017-03-09 13:00:00,96.83736111111116
2017-03-10 01:00:00,99.01986111111162
2017-03-10 13:00:00,95.00305555555565
2017-03-11 01:00:00,98.8930555555558
2017-03-11 13:00:00,97.5579166666666
2017-03-12 01:00:00,90.57666666666628
2017-03-12 13:00:00,97.14722222222224
2017-03-13 01:00:00,99.5583333333334
2017-03-13 13:00:00,96.21375
2017-03-14 01:00:00,99.3180555555558
2017-03-14 13:00:00,96.18319444444448
2017-03-15 01:00:00,99.90541666666658
2017-03-15 13:00:00,97.78875000000004
2017-03-16 01:00:00,99.45694444444456
2017-03-16 13:00:00,94.6731944444444
2017-03-17 01:00:00,99.43458333333383
2017-03-17 13:00:00,98.67819444444453
2017-03-18 01:00:00,99.99986111111109
2017-03-18 13:00:00,99.40736111111113
2017-03-19 01:00:00,100.0
2017-03-19 13:00:00,99.37333333333322
2017-03-20 01:00:00,99.9472222222222
2017-03-20 13:00:00,62.193055555555546
2017-03-21 01:00:00,96.35124999999996
2017-03-21 13:00:00,99.78805555555556
2017-03-22 01:00:00,99.23152777777777
2017-03-22 13:00:00,92.46576388888894
2017-03-23 01:00:00,99.40694444444418
2017-03-23 13:00:00,99.53250000000007
2017-03-24 01:00:00,99.36513888888923
2017-03-24 13:00:00,93.11908333333331
2017-03-25 01:00:00,78.4921111111111
2017-03-25 13:00:00,94.33616666666668
2017-03-26 01:00:00,95.5679166666664
2017-03-26 14:00:00,90.11220833333336
2017-03-27 02:00:00,51.25640277777774
2017-03-27 14:00:00,89.8104305555556
2017-03-28 02:00:00,96.91875000000007
2017-03-28 14:00:00,88.24493055555554
2017-03-29 02:00:00,96.4274999999998
2017-03-29 14:00:00,97.2155555555554
2017-03-30 02:00:00,97.3470833333332
2017-03-30 14:00:00,92.30833333333334
2017-03-31 02:00:00,93.6525694444446
2017-03-31 14:00:00,85.20309722222228
2017-04-01 02:00:00,91.82541666666664
2017-04-01 14:00:00,87.7595138888888
2017-04-02 02:00:00,92.45125000000007
2017-04-02 14:00:00,87.44958333333334
2017-04-03 02:00:00,92.5227777777778
2017-04-03 14:00:00,91.77472222222215
2017-04-04 02:00:00,95.5545833333334
2017-04-04 14:00:00,91.78583333333336
2017-04-05 02:00:00,96.34555555555565
2017-04-05 14:00:00,94.87166666666664
2017-04-06 02:00:00,96.30541666666673
2017-04-06 14:00:00,94.64736111111112
2017-04-07 02:00:00,96.19625000000008
2017-04-07 14:00:00,95.5912500000001
2017-04-08 02:00:00,95.54722222222222
2017-04-08 14:00:00,93.17152777777788
2017-04-09 02:00:00,93.4147222222222
2017-04-09 14:00:00,86.55451388888893
2017-04-10 02:00:00,92.58666666666662
2017-04-10 14:00:00,92.5752777777778
2017-04-11 02:00:00,95.13986111111109
2017-04-11 14:00:00,91.46138888888893
2017-04-12 02:00:00,95.741388888889
2017-04-12 14:00:00,95.95250000000007
2017-04-13 02:00:00,96.76916666666664
2017-04-13 14:00:00,95.80388888888884
2017-04-14 02:00:00,97.49041666666672
2017-04-14 14:00:00,73.79069444444444
2017-04-15 02:00:00,98.54222222222224
2017-04-15 14:00:00,97.14097222222222
2017-04-16 02:00:00,83.56361111111127
2017-04-16 14:00:00,86.12152777777773
2017-04-17 02:00:00,90.2698611111112
2017-04-17 14:00:00,89.65261111111117
2017-04-18 02:00:00,93.0397222222222
2017-04-18 14:00:00,91.18875
2017-04-19 02:00:00,95.2669444444445
2017-04-19 14:00:00,94.3377777777778
2017-04-20 02:00:00,96.80944444444451
2017-04-20 14:00:00,88.73597222222227
2017-04-21 02:00:00,92.5586111111112
2017-04-21 14:00:00,92.1556944444444
2017-04-22 02:00:00,94.24291666666666
2017-04-22 14:00:00,92.32402777777777
2017-04-23 02:00:00,94.95958333333336
2017-04-23 14:00:00,91.43194444444444
2017-04-24 02:00:00,93.62097222222224
2017-04-24 14:00:00,93.57486111111113
2017-04-25 02:00:00,96.00666666666665
2017-04-25 14:00:00,95.03222222222232
2017-04-26 02:00:00,96.30416666666679
2017-04-26 14:00:00,92.18819444444429
2017-04-27 02:00:00,94.71652777777778
2017-04-27 14:00:00,90.03995833333332
2017-04-28 02:00:00,92.72027777777781
2017-04-28 14:00:00,92.36852777777789
2017-04-29 02:00:00,95.7615277777778
2017-04-29 14:00:00,93.71541666666666
2017-04-30 02:00:00,92.74526388888901
2017-04-30 14:00:00,85.12019444444445
2017-05-01 02:00:00,91.11486111111117
2017-05-01 14:00:00,88.07681944444442
2017-05-02 02:00:00,92.70666666666672
2017-05-02 14:00:00,94.09986111111107
2017-05-03 02:00:00,96.07041666666667
2017-05-03 14:00:00,93.25916666666667
2017-05-04 02:00:00,95.50749999999996
2017-05-04 14:00:00,94.41152777777785
2017-05-05 02:00:00,96.82736111111105
2017-05-05 14:00:00,96.85819444444441
2017-05-06 02:00:00,96.48680555555558
2017-05-06 14:00:00,93.57883333333326
2017-05-07 02:00:00,95.92361111111099
2017-05-07 14:00:00,89.93638888888886
2017-05-08 02:00:00,15.464583333333366
2017-05-08 14:00:00,65.03027777777788
2017-05-09 02:00:00,91.89714484679651
2017-05-09 14:00:00,89.55618055555556
2017-05-10 02:00:00,93.91027777777776
2017-05-10 14:00:00,92.51791666666655
2017-05-11 02:00:00,88.95266666666666
2017-05-11 14:00:00,87.63269444444437
2017-05-12 02:00:00,89.28852777777769
2017-05-12 14:00:00,88.72388888888878
2017-05-13 02:00:00,88.41701388888895
2017-05-13 14:00:00,85.09273611111115
2017-05-14 02:00:00,85.58588888888895
2017-05-14 14:00:00,76.1360277777777
2017-05-15 02:00:00,80.96500000000005
2017-05-15 14:00:00,75.5997083333333
2017-05-16 02:00:00,80.58831944444437
2017-05-16 14:00:00,76.58774999999993
2017-05-17 02:00:00,75.67784722222225
2017-05-17 14:00:00,76.9253611111111
2017-05-18 02:00:00,76.87705555555556
2017-05-18 14:00:00,70.1537916666666
2017-05-19 02:00:00,73.77661111111112
2017-05-19 14:00:00,68.88833333333332
2017-05-20 02:00:00,75.24818055555556
2017-05-20 14:00:00,71.09777777777775
2017-05-21 02:00:00,75.33152777777778
2017-05-21 14:00:00,67.48383333333331
2017-05-22 02:00:00,72.92645833333326
2017-05-22 14:00:00,66.7785416666667
2017-05-23 02:00:00,69.2288194444445
2017-05-23 14:00:00,65.16716666666667
2017-05-24 02:00:00,67.83654166666675
2017-05-24 14:00:00,65.86304166666669
2017-05-25 02:00:00,69.88212499999997
2017-05-25 14:00:00,64.13005555555546
2017-05-26 02:00:00,69.26308333333333
2017-05-26 14:00:00,63.007458333333304
2017-05-27 02:00:00,65.76091666666663
2017-05-27 14:00:00,55.43897222222227
2017-05-28 02:00:00,60.41481944444436
2017-05-28 14:00:00,55.5549861111111
2017-05-29 02:00:00,60.930736111111116
2017-05-29 14:00:00,57.119666666666745
2017-05-30 02:00:00,62.24927777777784
2017-05-30 14:00:00,58.229902777777795
2017-05-31 02:00:00,60.597402777777795
2017-05-31 14:00:00,58.48538247566061
2017-06-01 02:00:00,65.69558333333327
2017-06-01 14:00:00,56.79909722222226
2017-06-02 02:00:00,67.09131944444445
2017-06-02 14:00:00,57.17036111111108
2017-06-03 02:00:00,64.37333333333342
2017-06-03 14:00:00,64.64166666666668
2017-06-04 02:00:00,65.53945833333339
2017-06-04 14:00:00,65.4666944444444
2017-06-05 02:00:00,67.81066666666655
2017-06-05 14:00:00,61.91993055555553
2017-06-06 02:00:00,65.8803888888889
2017-06-06 14:00:00,61.20443055555561
2017-06-07 02:00:00,67.61604166666666
2017-06-07 14:00:00,70.67822222222217
2017-06-08 02:00:00,72.0469444444445
2017-06-08 14:00:00,68.08468055555548
2017-06-09 02:00:00,70.6164027777778
2017-06-09 14:00:00,66.7533055555555
2017-06-10 02:00:00,72.07844444444444
2017-06-10 14:00:00,64.02597222222221
2017-06-11 02:00:00,69.49241666666671
2017-06-11 14:00:00,62.08238888888895
2017-06-12 02:00:00,67.34123611111112
2017-06-12 14:00:00,63.8250833333333
2017-06-13 02:00:00,68.37930555555552
2017-06-13 14:00:00,63.070847222222184
2017-06-14 02:00:00,72.87127777777772
2017-06-14 14:00:00,65.57572222222225
2017-06-15 02:00:00,72.9612916666666
2017-06-15 14:00:00,63.03245833333334
2017-06-16 02:00:00,68.17181944444444
2017-06-16 14:00:00,65.26036111111101
2017-06-17 02:00:00,72.55911111111115
2017-06-17 14:00:00,64.9163333333333
2017-06-18 02:00:00,71.24773611111111
2017-06-18 14:00:00,67.39247222222221
2017-06-19 02:00:00,69.22663888888884
2017-06-19 14:00:00,66.12636111111115
2017-06-20 02:00:00,67.62614742698187
2017-06-20 14:00:00,63.23823611111102
2017-06-21 02:00:00,70.71266666666669
2017-06-21 14:00:00,62.93120833333325
2017-06-22 02:00:00,69.20670833333338
2017-06-22 14:00:00,68.9124027777778
2017-06-23 02:00:00,66.6274583333334
2017-06-23 14:00:00,65.62908333333341
2017-06-24 02:00:00,64.00836111111114
2017-06-24 14:00:00,63.189041666666746
2017-06-25 02:00:00,64.96172222222218
2017-06-25 14:00:00,65.60080555555558
2017-06-26 02:00:00,68.26713888888898
2017-06-26 14:00:00,63.504388888888826
2017-06-27 02:00:00,67.85851388888882
2017-06-27 14:00:00,60.17341666666668
2017-06-28 02:00:00,65.72133333333336
2017-06-28 14:00:00,62.53170833333329
2017-06-29 02:00:00,64.47776388888893
2017-06-29 14:00:00,66.24519444444441
2017-06-30 02:00:00,66.19666666666667
2017-06-30 14:00:00,63.27031944444438
2017-07-01 02:00:00,63.43177777777773
2017-07-01 14:00:00,62.05851388888895
2017-07-02 02:00:00,61.99009722222225
2017-07-02 14:00:00,62.214388888888905
2017-07-03 02:00:00,66.14772222222224
2017-07-03 14:00:00,59.801208333333356
2017-07-04 02:00:00,63.237722222222224
2017-07-04 14:00:00,59.43045833333333
2017-07-05 02:00:00,66.20059722222221
2017-07-05 14:00:00,57.10120833333336
2017-07-06 02:00:00,66.14658333333334
2017-07-06 14:00:00,59.325805555555576
2017-07-07 02:00:00,65.48915277777779
2017-07-07 14:00:00,63.80009722222229
2017-07-08 02:00:00,66.80008333333333
2017-07-08 14:00:00,58.11062500000007
2017-07-09 02:00:00,68.28225641025644
2017-07-09 14:00:00,
2017-07-10 02:00:00,
2017-07-10 14:00:00,
2017-07-11 02:00:00,
2017-07-11 14:00:00,
2017-07-12 02:00:00,
2017-07-12 14:00:00,
2017-07-13 02:00:00,
2017-07-13 14:00:00,
2017-07-14 02:00:00,
2017-07-14 14:00:00,57.46391691394658
2017-07-15 02:00:00,74.56384722222228
2017-07-15 14:00:00,60.286305555555536
2017-07-16 02:00:00,72.30068055555563
2017-07-16 14:00:00,68.61958333333327
2017-07-17 02:00:00,72.7706666666667
2017-07-17 14:00:00,59.536902777777826
2017-07-18 02:00:00,74.0724166666666
2017-07-18 14:00:00,61.92925
2017-07-19 02:00:00,74.97361111111111
2017-07-19 14:00:00,59.72077777777773
2017-07-20 02:00:00,69.53429166666666
2017-07-20 14:00:00,66.42079166666662
2017-07-21 02:00:00,69.72788888888888
2017-07-21 14:00:00,54.61308333333336
2017-07-22 02:00:00,71.24359722222219
2017-07-22 14:00:00,72.1740277777777
2017-07-23 02:00:00,76.68647222222225
2017-07-23 14:00:00,64.85897222222215
2017-07-24 02:00:00,72.13883333333334
2017-07-24 14:00:00,63.3555555555555
2017-07-25 02:00:00,73.03209722222216
2017-07-25 14:00:00,72.10695833333331
2017-07-26 02:00:00,76.48770833333333
2017-07-26 14:00:00,61.208638888888906
2017-07-27 02:00:00,65.51852777777776
2017-07-27 14:00:00,59.09022222222222
2017-07-28 02:00:00,64.55676388888897
2017-07-28 14:00:00,60.31408333333329
2017-07-29 02:00:00,68.9851944444444
2017-07-29 14:00:00,65.99452777777778
2017-07-30 02:00:00,69.16634722222221
2017-07-30 14:00:00,58.69070833333331
2017-07-31 02:00:00,67.64143055555553
2017-07-31 14:00:00,59.10612499999999
2017-08-01 02:00:00,67.11777468706529
2017-08-01 14:00:00,63.24509722222224
2017-08-02 02:00:00,71.66124999999988
2017-08-02 14:00:00,62.1235277777777
2017-08-03 02:00:00,69.93805555555561
2017-08-03 14:00:00,60.503013888888866
2017-08-04 02:00:00,68.7096388888889
2017-08-04 14:00:00,63.49512500000001
2017-08-05 02:00:00,73.27020833333331
2017-08-05 14:00:00,62.04388888888892
2017-08-06 02:00:00,73.33912500000005
2017-08-06 14:00:00,60.43458333333327
2017-08-07 02:00:00,71.70644444444446
2017-08-07 14:00:00,69.13193055555563
2017-08-08 02:00:00,77.15983333333328
2017-08-08 14:00:00,71.66348611111113
2017-08-09 02:00:00,77.90268055555549
2017-08-09 14:00:00,64.92279166666657
2017-08-10 02:00:00,76.57422222222208
2017-08-10 14:00:00,71.27219444444441
2017-08-11 02:00:00,83.5823888888889
2017-08-11 14:00:00,86.38208333333323
2017-08-12 02:00:00,86.66254166666668
2017-08-12 14:00:00,82.29302777777784
2017-08-13 02:00:00,83.45756944444436
2017-08-13 14:00:00,69.6480833333334
2017-08-14 02:00:00,80.83655555555549
2017-08-14 14:00:00,68.5040416666667
2017-08-15 02:00:00,76.80377777777775
2017-08-15 14:00:00,67.55345833333335
2017-08-16 02:00:00,74.5326666666667
2017-08-16 14:00:00,65.00359722222225
2017-08-17 02:00:00,74.61705555555554
2017-08-17 14:00:00,70.9035416666667
2017-08-18 02:00:00,78.67276388888891
2017-08-18 14:00:00,75.62779166666664
2017-08-19 02:00:00,77.48789986091799
2017-08-19 14:00:00,72.17124999999993
2017-08-20 02:00:00,79.79113888888897
2017-08-20 14:00:00,79.29543055555548
2017-08-21 02:00:00,81.61673611111111
2017-08-21 14:00:00,74.5931250000001
2017-08-22 02:00:00,80.5078194444443
2017-08-22 14:00:00,67.58990277777774
2017-08-23 02:00:00,80.6425833333333
2017-08-23 14:00:00,64.74308333333343
2017-08-24 02:00:00,79.58434722222216
2017-08-24 14:00:00,67.08451388888889
2017-08-25 02:00:00,79.23544444444434
2017-08-25 14:00:00,68.8202361111111
2017-08-26 02:00:00,83.12683333333324
2017-08-26 14:00:00,72.86747222222222
2017-08-27 02:00:00,80.92733333333331
2017-08-27 14:00:00,72.51288888888885
2017-08-28 02:00:00,84.98201388888894
2017-08-28 14:00:00,75.22411111111116
2017-08-29 02:00:00,84.46847222222225
2017-08-29 14:00:00,72.7078888888888
2017-08-30 02:00:00,80.82800000000006
2017-08-30 14:00:00,78.13426388888887
2017-08-31 02:00:00,83.71333333333328
2017-08-31 14:00:00,80.94590277777769
2017-09-01 02:00:00,86.91859722222227
2017-09-01 14:00:00,84.15418055555571
2017-09-02 02:00:00,89.77138888888888
2017-09-02 14:00:00,85.04111111111135
2017-09-03 02:00:00,88.1648750000001
2017-09-03 14:00:00,82.3462500000001
2017-09-04 02:00:00,89.13387499999992
2017-09-04 14:00:00,56.745861111111076
2017-09-05 02:00:00,-33.333333333333336
2017-09-05 14:00:00,-94.91841666666667
2017-09-06 02:00:00,77.3915972222223
2017-09-06 14:00:00,89.19999999999996
2017-09-07 02:00:00,91.71279554937414
2017-09-07 14:00:00,87.60686111111103
2017-09-08 02:00:00,88.59319444444456
2017-09-08 14:00:00,87.76541666666678
2017-09-09 02:00:00,71.43983333333325
2017-09-09 14:00:00,85.078875
2017-09-10 02:00:00,88.7698472222221
2017-09-10 14:00:00,59.52575000000003
2017-09-11 02:00:00,-48.10041666666668
2017-09-11 14:00:00,47.40916666666666
2017-09-12 02:00:00,89.59083333333328
2017-09-12 14:00:00,91.36736111111107
2017-09-13 02:00:00,94.83416666666668
2017-09-13 14:00:00,92.60750000000006
2017-09-14 02:00:00,95.04763888888873
2017-09-14 14:00:00,90.39375000000014
2017-09-15 02:00:00,94.51027777777772
2017-09-15 14:00:00,88.04736111111114
2017-09-16 02:00:00,92.29569444444445
2017-09-16 14:00:00,92.44319444444434
2017-09-17 02:00:00,91.09277777777778
2017-09-17 14:00:00,90.63583333333315
2017-09-18 02:00:00,90.89444444444435
2017-09-18 14:00:00,91.54255910987492
2017-09-19 02:00:00,93.54402777777791
2017-09-19 14:00:00,87.28750000000014
2017-09-20 02:00:00,91.58736111111106
2017-09-20 14:00:00,82.53224999999995
2017-09-21 02:00:00,87.42136111111111
2017-09-21 14:00:00,82.53627777777777
2017-09-22 02:00:00,86.92934722222219
2017-09-22 14:00:00,84.06972222222228
2017-09-23 02:00:00,86.98080555555563
2017-09-23 14:00:00,83.24470833333334
2017-09-24 02:00:00,68.00690277777775
2017-09-24 14:00:00,-52.250125
2017-09-25 02:00:00,-93.45083333333334
2017-09-25 14:00:00,-97.94569444444444
2017-09-26 02:00:00,-100.0
2017-09-26 14:00:00,-100.0
2017-09-27 02:00:00,-15.611111111111127
2017-09-27 14:00:00,-75.83629166666667
2017-09-28 02:00:00,-99.72222222222223
2017-09-28 14:00:00,30.85862500000001
2017-09-29 02:00:00,87.79736111111107
2017-09-29 14:00:00,84.78686111111115
2017-09-30 02:00:00,87.80999999999995
2017-09-30 14:00:00,86.01430555555545
2017-10-01 02:00:00,88.1190277777778
2017-10-01 14:00:00,88.1487500000002
2017-10-02 02:00:00,88.55027777777771
2017-10-02 14:00:00,87.32486111111105
2017-10-03 02:00:00,88.89125000000006
2017-10-03 14:00:00,88.70625000000021
2017-10-04 02:00:00,88.5884722222221
2017-10-04 14:00:00,88.66236111111117
2017-10-05 02:00:00,88.54444444444458
2017-10-05 14:00:00,90.04430555555557
2017-10-06 02:00:00,88.87319444444452
2017-10-06 14:00:00,89.42958333333316
2017-10-07 02:00:00,90.30472222222244
2017-10-07 14:00:00,89.2163888888888
2017-10-08 02:00:00,90.35972222222216
2017-10-08 14:00:00,91.0481944444445
2017-10-09 02:00:00,89.90500000000013
2017-10-09 14:00:00,88.02208333333333
2017-10-10 02:00:00,88.6595833333333
2017-10-10 14:00:00,88.41861111111113
2017-10-11 02:00:00,89.01333333333334
2017-10-11 14:00:00,89.37194444444441
2017-10-12 02:00:00,89.7627777777778
2017-10-12 14:00:00,89.67194444444435
2017-10-13 02:00:00,90.37774687065384
2017-10-13 14:00:00,88.69972222222212
2017-10-14 02:00:00,88.97708333333345
2017-10-14 14:00:00,89.16180555555556
2017-10-15 02:00:00,91.25611111111122
2017-10-15 14:00:00,88.75930555555556
2017-10-16 02:00:00,92.73291666666668
2017-10-16 14:00:00,90.21833333333332
2017-10-17 02:00:00,93.630972222222
2017-10-17 14:00:00,91.13902777777768
2017-10-18 02:00:00,93.03666666666672
2017-10-18 14:00:00,91.94250000000022
2017-10-19 02:00:00,92.28277777777771
2017-10-19 14:00:00,90.90500000000002
2017-10-20 02:00:00,92.80875000000006
2017-10-20 14:00:00,93.12250000000016
2017-10-21 02:00:00,93.25152777777781
2017-10-21 14:00:00,92.19555555555556
2017-10-22 02:00:00,94.37097222222265
2017-10-22 14:00:00,93.39638888888884
2017-10-23 02:00:00,92.69388888888882
2017-10-23 14:00:00,93.2291666666666
2017-10-24 02:00:00,92.56597222222234
2017-10-24 14:00:00,92.89416666666678
2017-10-25 02:00:00,92.99069444444442
2017-10-25 14:00:00,92.64291666666644
2017-10-26 02:00:00,94.74652777777771
2017-10-26 14:00:00,94.1970833333334
2017-10-27 02:00:00,94.44944444444457
2017-10-27 14:00:00,93.94069444444463
2017-10-28 02:00:00,92.7786111111115
2017-10-28 14:00:00,92.8080555555555
2017-10-29 02:00:00,93.11083333333336
2017-10-29 13:00:00,93.3037499999996
2017-10-30 01:00:00,93.50027777777807
2017-10-30 13:00:00,91.68347222222236
2017-10-31 01:00:00,90.23486111111104
2017-10-31 13:00:00,89.64611111111114
2017-11-01 01:00:00,88.50819444444456
2017-11-01 13:00:00,92.1258333333334
2017-11-02 01:00:00,91.63249999999992
2017-11-02 13:00:00,93.62652777777781
2017-11-03 01:00:00,92.31361111111134
2017-11-03 13:00:00,90.7669444444441
2017-11-04 01:00:00,90.48388888888893
2017-11-04 13:00:00,88.10861111111116
2017-11-05 01:00:00,86.20611111111096
2017-11-05 13:00:00,90.35055555555573
2017-11-06 01:00:00,93.32430555555507
2017-11-06 13:00:00,91.648611111111
2017-11-07 01:00:00,93.07597222222222
2017-11-07 13:00:00,90.79597222222169
2017-11-08 01:00:00,89.73986111111151
2017-11-08 13:00:00,88.4601388888889
2017-11-09 01:00:00,87.35041666666672
2017-11-09 13:00:00,87.72597222222203
2017-11-10 01:00:00,86.55833333333338
2017-11-10 13:00:00,89.79708333333299
2017-11-11 01:00:00,90.1984722222224
2017-11-11 13:00:00,89.75611111111141
2017-11-12 01:00:00,89.65486111111105
2017-11-12 13:00:00,88.92847222222215
2017-11-13 01:00:00,89.51999999999997
2017-11-13 13:00:00,90.62127955493763
2017-11-14 01:00:00,91.7933333333334
2017-11-14 13:00:00,90.80041666666708
2017-11-15 01:00:00,89.66041666666705
2017-11-15 13:00:00,89.88680555555551
2017-11-16 01:00:00,87.98236111111055
2017-11-16 13:00:00,87.93013888888845
2017-11-17 01:00:00,90.74013888888899
2017-11-17 13:00:00,88.71361111111179
2017-11-18 01:00:00,87.76555555555517
2017-11-18 13:00:00,88.87083333333322
2017-11-19 01:00:00,88.44111111111111
2017-11-19 13:00:00,90.3037499999997
2017-11-20 01:00:00,89.75527777777799
2017-11-20 13:00:00,89.00958333333332
2017-11-21 01:00:00,87.76138888888843
2017-11-21 13:00:00,88.63124999999924
2017-11-22 01:00:00,89.15986111111172
2017-11-22 13:00:00,88.70513888888891
2017-11-23 01:00:00,89.1645833333334
2017-11-23 13:00:00,89.57388888888876
2017-11-24 01:00:00,91.3700000000002
2017-11-24 13:00:00,91.17250000000016
2017-11-25 01:00:00,90.1876388888883
2017-11-25 13:00:00,90.69777777777828
2017-11-26 01:00:00,90.3722222222221
2017-11-26 13:00:00,90.17888888888876
2017-11-27 01:00:00,88.6858333333333
2017-11-27 13:00:00,89.16236111111151
2017-11-28 01:00:00,88.45208333333366
2017-11-28 13:00:00,88.41069444444479
2017-11-29 01:00:00,87.98027777777729
2017-11-29 13:00:00,88.30305555555631
2017-11-30 01:00:00,89.2834722222222
2017-11-30 13:00:00,89.52888888888874
2017-12-01 01:00:00,89.57083333333334
2017-12-01 13:00:00,90.82930555555569
2017-12-02 01:00:00,90.06750000000041
2017-12-02 13:00:00,90.21652777777744
2017-12-03 01:00:00,90.12374999999977
2017-12-03 13:00:00,91.24763888888863
2017-12-04 01:00:00,89.07291666666691
2017-12-04 13:00:00,89.54736111111086
2017-12-05 01:00:00,90.31111111111143
2017-12-05 13:00:00,89.25527777777752
2017-12-06 01:00:00,88.0609722222218
2017-12-06 13:00:00,88.51902777777798
2017-12-07 01:00:00,88.29986111111124
2017-12-07 13:00:00,88.5205555555558
2017-12-08 01:00:00,89.81638888888855
2017-12-08 13:00:00,91.95680555555515
2017-12-09 01:00:00,90.66874999999978
2017-12-09 13:00:00,90.16847222222258
2017-12-10 01:00:00,90.31347222222229
2017-12-10 13:00:00,91.03513888888862
2017-12-11 01:00:00,91.02805555555568
2017-12-11 13:00:00,90.90527777777763
2017-12-12 01:00:00,90.75180555555595
2017-12-12 13:00:00,90.50152777777728
2017-12-13 01:00:00,91.09902777777755
2017-12-13 13:00:00,91.13583333333423
2017-12-14 01:00:00,91.16736111111123
2017-12-14 13:00:00,90.87152777777794
2017-12-15 01:00:00,90.84680555555592
2017-12-15 13:00:00,90.82388888888843
2017-12-16 01:00:00,90.45083333333298
2017-12-16 13:00:00,92.26513888888884
2017-12-17 01:00:00,93.19152777777771
2017-12-17 13:00:00,92.83027777777737
2017-12-18 01:00:00,91.94402777777745
2017-12-18 13:00:00,91.61388888888906
2017-12-19 01:00:00,92.04375
2017-12-19 13:00:00,92.01819444444449
2017-12-20 01:00:00,90.53430555555569
2017-12-20 13:00:00,91.37569444444428
2017-12-21 01:00:00,90.03180555555564
2017-12-21 13:00:00,89.38347222222235
2017-12-22 01:00:00,89.01597222222266
2017-12-22 13:00:00,90.78194444444405
2017-12-23 01:00:00,90.52444444444441
2017-12-23 13:00:00,91.68972222222195
2017-12-24 01:00:00,90.11722222222285
2017-12-24 13:00:00,89.82194444444418
2017-12-25 01:00:00,89.11333333333398
2017-12-25 13:00:00,89.10652777777777
2017-12-26 01:00:00,91.89736111111094
2017-12-26 13:00:00,91.292083333333
2017-12-27 01:00:00,92.59083333333344
2017-12-27 13:00:00,92.11555555555573
2017-12-28 01:00:00,93.84874999999998
2017-12-28 13:00:00,91.57013888888987
2017-12-29 01:00:00,90.35430555555529
2017-12-29 13:00:00,91.59902777777701
2017-12-30 01:00:00,91.07680555555572
2017-12-30 13:00:00,91.0780555555556
2017-12-31 01:00:00,90.2148611111112
2017-12-31 13:00:00,89.55090403337961
2018-01-01 01:00:00,89.83638888888873
2018-01-01 13:00:00,91.61916666666687
2018-01-02 01:00:00,92.7009722222225
2018-01-02 13:00:00,90.77625000000015
2018-01-03 01:00:00,90.42777777777764
2018-01-03 13:00:00,89.78083333333325
2018-01-04 01:00:00,89.61680555555573
2018-01-04 13:00:00,89.82611111111191
2018-01-05 01:00:00,89.15749999999916
2018-01-05 13:00:00,89.84388888888893
2018-01-06 01:00:00,89.87138888888857
2018-01-06 13:00:00,91.0963888888887
2018-01-07 01:00:00,94.21569444444441
2018-01-07 13:00:00,94.16541666666642
2018-01-08 01:00:00,96.77083333333294
2018-01-08 13:00:00,94.50680555555564
2018-01-09 01:00:00,92.36472222222208
2018-01-09 13:00:00,92.25833333333355
2018-01-10 01:00:00,90.5804166666663
2018-01-10 13:00:00,91.74277777777776
2018-01-11 01:00:00,92.777638888889
2018-01-11 13:00:00,92.07236111111126
2018-01-12 01:00:00,91.24305555555522
2018-01-12 13:00:00,92.12861111111009
2018-01-13 01:00:00,92.16097222222209
2018-01-13 13:00:00,93.11416666666672
2018-01-14 01:00:00,93.87638888888868
2018-01-14 13:00:00,94.33055555555552
2018-01-15 01:00:00,95.24486111111099
2018-01-15 13:00:00,93.60708333333368
2018-01-16 01:00:00,91.7274999999996
2018-01-16 13:00:00,92.67680555555586
2018-01-17 01:00:00,93.78972222222252
2018-01-17 13:00:00,93.52277777777823
2018-01-18 01:00:00,93.34652777777777
2018-01-18 13:00:00,93.61930555555577
2018-01-19 01:00:00,93.58805555555591
2018-01-19 13:00:00,93.46958333333292
2018-01-20 01:00:00,94.05597222222177
2018-01-20 13:00:00,93.7245833333332
2018-01-21 01:00:00,95.05736111111126
2018-01-21 13:00:00,95.4662500000003
2018-01-22 01:00:00,96.03194444444428
2018-01-22 13:00:00,95.34333333333431
2018-01-23 01:00:00,95.05763888888892
2018-01-23 13:00:00,93.77500000000059
2018-01-24 01:00:00,92.45888888888871
2018-01-24 13:00:00,90.53722222222252
2018-01-25 01:00:00,94.29416666666643
2018-01-25 13:00:00,93.56750000000022
2018-01-26 01:00:00,94.85374999999969
2018-01-26 13:00:00,93.1697222222217
2018-01-27 01:00:00,93.04999999999973
2018-01-27 13:00:00,91.85138888888888
2018-01-28 01:00:00,91.00694444444449
2018-01-28 13:00:00,91.3280555555556
2018-01-29 01:00:00,91.36958333333341
2018-01-29 13:00:00,93.5022222222224
2018-01-30 01:00:00,95.54319444444458
2018-01-30 13:00:00,93.9166666666663
2018-01-31 01:00:00,94.53250000000006
2018-01-31 13:00:00,94.31166666666687
2018-02-01 01:00:00,95.73569444444432
2018-02-01 13:00:00,93.81263888888876
2018-02-02 01:00:00,92.99638888888909
2018-02-02 13:00:00,92.71208333333328
2018-02-03 01:00:00,95.60069444444456
2018-02-03 13:00:00,96.70277777777781
2018-02-04 01:00:00,96.01791666666651
2018-02-04 13:00:00,94.5115277777779
2018-02-05 01:00:00,94.27152777777842
2018-02-05 13:00:00,94.6794444444442
2018-02-06 01:00:00,96.61180555555536
2018-02-06 13:00:00,96.74236111111112
2018-02-07 01:00:00,97.34472222222188
2018-02-07 13:00:00,97.60666666666737
2018-02-08 01:00:00,97.51930555555576
2018-02-08 13:00:00,97.95305555555584
2018-02-09 01:00:00,97.85472222222215
2018-02-09 13:00:00,98.13555555555544
2018-02-10 01:00:00,98.20388888888843
2018-02-10 13:00:00,97.845694444444
2018-02-11 01:00:00,96.82861111111109
2018-02-11 13:00:00,96.25416666666635
2018-02-12 01:00:00,96.72916666666671
2018-02-12 13:00:00,96.58916666666644
2018-02-13 01:00:00,97.5247222222226
2018-02-13 13:00:00,97.39361111111131
2018-02-14 01:00:00,98.00555555555523
2018-02-14 13:00:00,96.93180555555568
2018-02-15 01:00:00,96.78291666666708
2018-02-15 13:00:00,95.8468055555553
2018-02-16 01:00:00,95.28942976356029
2018-02-16 13:00:00,95.4323611111115
2018-02-17 01:00:00,94.58486111111172
2018-02-17 13:00:00,94.63847222222277
2018-02-18 01:00:00,95.1756944444446
2018-02-18 13:00:00,95.27958333333372
2018-02-19 01:00:00,95.79416666666634
2018-02-19 13:00:00,94.9398611111109
2018-02-20 01:00:00,96.70166666666596
2018-02-20 13:00:00,96.10791666666607
2018-02-21 01:00:00,96.81499999999978
2018-02-21 13:00:00,96.08736111111156
2018-02-22 01:00:00,95.758333333333
2018-02-22 13:00:00,95.27208333333334
2018-02-23 01:00:00,95.87124999999978
2018-02-23 13:00:00,95.86777777777758
2018-02-24 01:00:00,94.9016666666666
2018-02-24 13:00:00,95.27666666666644
2018-02-25 01:00:00,96.44472222222271
2018-02-25 13:00:00,95.45499999999944
2018-02-26 01:00:00,95.27444444444453
2018-02-26 13:00:00,95.04805555555565
2018-02-27 01:00:00,95.59333333333352
2018-02-27 13:00:00,95.97000000000021
2018-02-28 01:00:00,96.41638888888882
2018-02-28 13:00:00,96.4143055555554
2018-03-01 01:00:00,95.42819444444416
2018-03-01 13:00:00,96.03069444444351
2018-03-02 01:00:00,96.2422222222221
2018-03-02 13:00:00,96.32097222222254
2018-03-03 01:00:00,95.98583333333342
2018-03-03 13:00:00,94.82222222222195
2018-03-04 01:00:00,95.894861111111
2018-03-04 13:00:00,91.3965277777777
2018-03-05 01:00:00,93.59222222222246
2018-03-05 13:00:00,91.8652777777777
2018-03-06 01:00:00,95.94875000000008
2018-03-06 13:00:00,93.2376388888885
2018-03-07 01:00:00,94.10486111111105
2018-03-07 13:00:00,93.6765277777778
2018-03-08 01:00:00,93.43805555555542
2018-03-08 13:00:00,93.3302777777776
2018-03-09 01:00:00,93.9584722222225
2018-03-09 13:00:00,93.9076388888888
2018-03-10 01:00:00,94.63666666666691
2018-03-10 13:00:00,93.76611111111048
2018-03-11 01:00:00,93.09180555555548
2018-03-11 13:00:00,92.63902777777771
2018-03-12 01:00:00,94.82805555555555
2018-03-12 13:00:00,93.72527777777788
2018-03-13 01:00:00,93.52986111111116
2018-03-13 13:00:00,94.25847222222215
2018-03-14 01:00:00,94.64541666666688
2018-03-14 13:00:00,94.21902777777731
2018-03-15 01:00:00,94.28055555555572
2018-03-15 13:00:00,93.97611111111135
2018-03-16 01:00:00,94.45263888888873
2018-03-16 13:00:00,94.44166666666662
2018-03-17 01:00:00,95.06249999999979
2018-03-17 13:00:00,94.21888888888859
2018-03-18 01:00:00,94.30638888888878
2018-03-18 13:00:00,89.87236111111122
2018-03-19 01:00:00,92.38444444444431
2018-03-19 13:00:00,81.35375000000006
2018-03-20 01:00:00,88.74013888888874
2018-03-20 13:00:00,86.77730555555553
2018-03-21 01:00:00,91.96930555555548
2018-03-21 13:00:00,87.53124999999979
2018-03-22 01:00:00,90.59388888888886
2018-03-22 13:00:00,91.019861111111
2018-03-23 01:00:00,92.13430555555547
2018-03-23 13:00:00,91.0668055555558
2018-03-24 01:00:00,91.7097222222221
2018-03-24 13:00:00,88.94625
2018-03-25 01:00:00,90.90513888888857
2018-03-25 14:00:00,88.25069444444428
2018-03-26 02:00:00,91.90416666666648
2018-03-26 14:00:00,91.68347222222224
2018-03-27 02:00:00,92.65166666666674
2018-03-27 14:00:00,90.26125000000042
2018-03-28 02:00:00,91.772638888889
2018-03-28 14:00:00,92.06027777777777
2018-03-29 02:00:00,92.69026425591134
2018-03-29 14:00:00,92.21916666666687
2018-03-30 02:00:00,92.63236111111112
2018-03-30 14:00:00,91.18972222222237
2018-03-31 02:00:00,93.0273611111115
2018-03-31 14:00:00,92.93972222222122
2018-04-01 02:00:00,92.66513888888935
2018-04-01 14:00:00,92.5873611111104
2018-04-02 02:00:00,93.23305555555544
2018-04-02 14:00:00,88.0150000000001
2018-04-03 02:00:00,91.2788888888892
2018-04-03 14:00:00,89.59916666666678
2018-04-04 02:00:00,91.29638888888893
2018-04-04 14:00:00,89.16055555555529
2018-04-05 02:00:00,93.39555555555565
2018-04-05 14:00:00,94.28041666666641
2018-04-06 02:00:00,94.5670833333332
2018-04-06 14:00:00,84.80019444444446
2018-04-07 02:00:00,87.91633333333344
2018-04-07 14:00:00,73.81336111111105
2018-04-08 02:00:00,86.97758333333326
2018-04-08 14:00:00,71.56427777777778
2018-04-09 02:00:00,87.15698611111105
2018-04-09 14:00:00,79.64293055555564
2018-04-10 02:00:00,93.89652777777813
2018-04-10 14:00:00,93.53444444444307
2018-04-11 02:00:00,92.53222222222212
2018-04-11 14:00:00,90.81888888888851
2018-04-12 02:00:00,90.16236111111094
2018-04-12 14:00:00,89.25958333333323
2018-04-13 02:00:00,90.8040277777778
2018-04-13 14:00:00,91.20305555555548
2018-04-14 02:00:00,90.7312499999993
2018-04-14 14:00:00,90.50666666666694
2018-04-15 02:00:00,90.24430555555577
2018-04-15 14:00:00,91.18472222222206
2018-04-16 02:00:00,92.33361111111095
2018-04-16 14:00:00,89.70388888888893
2018-04-17 02:00:00,92.74319444444444
2018-04-17 14:00:00,83.47018055555561
2018-04-18 02:00:00,90.09518055555569
2018-04-18 14:00:00,80.0884840055632
2018-04-19 02:00:00,89.56315277777773
2018-04-19 14:00:00,78.09525000000005
2018-04-20 02:00:00,88.5716666666666
2018-04-20 14:00:00,76.40601388888895
2018-04-21 02:00:00,90.91761111111107
2018-04-21 14:00:00,80.93363888888891
2018-04-22 02:00:00,90.40370833333314
2018-04-22 14:00:00,80.40087499999997
2018-04-23 02:00:00,87.5264722222223
2018-04-23 14:00:00,83.8311388888888
2018-04-24 02:00:00,90.25805555555544
2018-04-24 14:00:00,86.95277777777764
2018-04-25 02:00:00,88.28902777777796
2018-04-25 14:00:00,88.91958333333349
2018-04-26 02:00:00,90.19152777777781
2018-04-26 14:00:00,86.92611111111114
2018-04-27 02:00:00,88.71463888888896
2018-04-27 14:00:00,79.53448611111111
2018-04-28 02:00:00,90.59048913043472
2018-04-28 14:00:00,86.93483146067403
2018-04-29 02:00:00,88.18652777777788
2018-04-29 14:00:00,82.64997222222182
2018-04-30 02:00:00,88.97763888888895
2018-04-30 14:00:00,90.7931944444443
2018-05-01 02:00:00,96.34180555555542
2018-05-01 14:00:00,15.792083333333357
2018-05-02 02:00:00,-100.0
2018-05-02 14:00:00,79.97865277777781
2018-05-03 02:00:00,93.00319444444449
2018-05-03 14:00:00,87.06448611111105
2018-05-04 02:00:00,93.93574408901236
2018-05-04 14:00:00,90.83680555555556
2018-05-05 02:00:00,97.6858333333335
2018-05-05 14:00:00,92.39580555555555
2018-05-06 02:00:00,96.00819444444441
2018-05-06 14:00:00,88.46273611111117
2018-05-07 02:00:00,97.0473888888888
2018-05-07 14:00:00,83.15091666666675
2018-05-08 02:00:00,92.22973611111124
2018-05-08 14:00:00,71.16705555555555
2018-05-09 02:00:00,85.08387499999995
2018-05-09 14:00:00,72.55423611111112
2018-05-10 02:00:00,85.31424999999997
2018-05-10 14:00:00,81.01531944444444
2018-05-11 02:00:00,93.19531944444451
2018-05-11 14:00:00,86.08477777777772
2018-05-12 02:00:00,95.12652777777771
2018-05-12 14:00:00,87.0435972222221
2018-05-13 02:00:00,95.64666666666677
2018-05-13 14:00:00,84.133125
2018-05-14 02:00:00,91.52954166666672
2018-05-14 14:00:00,78.62727777777773
2018-05-15 02:00:00,88.4880972222222
2018-05-15 14:00:00,67.9230138888889
2018-05-16 02:00:00,83.82228013029321
2018-05-16 14:00:00,60.353126888217496
2018-05-17 02:00:00,84.2613472222222
2018-05-17 14:00:00,75.53609722222221
2018-05-18 02:00:00,89.28502777777783
2018-05-18 14:00:00,85.60261111111114
2018-05-19 02:00:00,96.15770833333336
2018-05-19 14:00:00,80.90202777777776
2018-05-20 02:00:00,88.31654166666668
2018-05-20 14:00:00,71.78377777777777
2018-05-21 02:00:00,85.92238888888886
2018-05-21 14:00:00,69.66587500000001
2018-05-22 02:00:00,79.63138888888885
2018-05-22 14:00:00,64.95508333333332
2018-05-23 02:00:00,74.93597222222216
2018-05-23 14:00:00,58.66854166666666
2018-05-24 02:00:00,74.62525000000008
2018-05-24 14:00:00,62.03769444444447
2018-05-25 02:00:00,71.03395833333326
2018-05-25 14:00:00,65.71658333333329
2018-05-26 02:00:00,75.89173611111103
2018-05-26 14:00:00,65.86980555555553
2018-05-27 02:00:00,79.49936111111118
2018-05-27 14:00:00,75.4744722222222
2018-05-28 02:00:00,80.07290277777781
2018-05-28 14:00:00,70.35948539638383
2018-05-29 02:00:00,71.00272222222225
2018-05-29 14:00:00,59.91458333333336
2018-05-30 02:00:00,67.9488611111112
2018-05-30 14:00:00,60.62205555555556
2018-05-31 02:00:00,68.39218055555558
2018-05-31 14:00:00,62.59970833333339
2018-06-01 02:00:00,70.74341666666669
2018-06-01 14:00:00,63.149944444444436
2018-06-02 02:00:00,74.8779722222222
2018-06-02 14:00:00,66.05713888888884
2018-06-03 02:00:00,71.14751388888882
2018-06-03 14:00:00,64.07431944444441
2018-06-04 02:00:00,73.05572222222226
2018-06-04 14:00:00,63.456819444444456
2018-06-05 02:00:00,71.01180555555547
2018-06-05 14:00:00,60.89311111111106
2018-06-06 02:00:00,68.59811111111112
2018-06-06 14:00:00,52.41462499999997
2018-06-07 02:00:00,60.67272222222218
2018-06-07 14:00:00,52.65659722222225
2018-06-08 02:00:00,64.58981919332412
2018-06-08 14:00:00,53.38150000000001
2018-06-09 02:00:00,58.82983333333335
2018-06-09 14:00:00,55.931819444444415
2018-06-10 02:00:00,66.66779166666659
2018-06-10 14:00:00,56.9639027777777
2018-06-11 02:00:00,58.68161111111107
2018-06-11 14:00:00,50.47518055555558
2018-06-12 02:00:00,60.095597222222175
2018-06-12 14:00:00,53.58206944444443
2018-06-13 02:00:00,67.3231111111111
2018-06-13 14:00:00,52.63170833333333
2018-06-14 02:00:00,61.83745833333335
2018-06-14 14:00:00,56.45488888888888
2018-06-15 02:00:00,58.379847222222246
2018-06-15 14:00:00,47.71984722222224
2018-06-16 02:00:00,60.2018333333334
2018-06-16 14:00:00,58.73115277777782
2018-06-17 02:00:00,60.11298611111103
2018-06-17 14:00:00,53.73759722222218
2018-06-18 02:00:00,63.01150000000003
2018-06-18 14:00:00,60.84423611111106
2018-06-19 02:00:00,69.97926286509046
2018-06-19 14:00:00,59.99045833333331
2018-06-20 02:00:00,70.20605555555558
2018-06-20 14:00:00,58.48523611111121
2018-06-21 02:00:00,74.19625000000005
2018-06-21 14:00:00,73.66052777777772
2018-06-22 02:00:00,82.46893055555554
2018-06-22 14:00:00,62.641097222222214
2018-06-23 02:00:00,79.15776388888882
2018-06-23 14:00:00,78.84398611111111
2018-06-24 02:00:00,85.33388888888885
2018-06-24 14:00:00,78.87123611111103
2018-06-25 02:00:00,84.1133333333333
2018-06-25 14:00:00,71.85313888888894
2018-06-26 02:00:00,81.31233333333323
2018-06-26 14:00:00,68.2006388888889
2018-06-27 02:00:00,74.27920833333337
2018-06-27 14:00:00,64.03193055555549
2018-06-28 02:00:00,73.22536111111106
2018-06-28 14:00:00,58.542055555555535
2018-06-29 02:00:00,69.8254305555555
2018-06-29 14:00:00,60.79552777777778
2018-06-30 02:00:00,71.1558692628651
2018-06-30 14:00:00,53.76829166666656
2018-07-01 02:00:00,68.73979166666666
2018-07-01 14:00:00,52.32738888888896
2018-07-02 02:00:00,67.92740277777781
2018-07-02 14:00:00,48.1246111111111
2018-07-03 02:00:00,65.2834861111111
2018-07-03 14:00:00,52.58955555555554
2018-07-04 02:00:00,70.57602777777781
2018-07-04 14:00:00,58.13626388888892
2018-07-05 02:00:00,76.13205555555541
2018-07-05 14:00:00,65.79933333333332
2018-07-06 02:00:00,72.94726388888887
2018-07-06 14:00:00,50.12813888888886
2018-07-07 02:00:00,67.90637499999997
2018-07-07 14:00:00,54.24079166666665
2018-07-08 02:00:00,69.1192222222222
2018-07-08 14:00:00,52.2316388888889
2018-07-09 02:00:00,70.86861111111105
2018-07-09 14:00:00,61.99058333333333
2018-07-10 02:00:00,74.83445833333322
2018-07-10 14:00:00,69.72641168289293
2018-07-11 02:00:00,79.3261666666666
2018-07-11 14:00:00,79.90365277777757
2018-07-12 02:00:00,79.76443055555542
2018-07-12 14:00:00,61.91141666666663
2018-07-13 02:00:00,73.26415277777774
2018-07-13 14:00:00,62.56838888888882
2018-07-14 02:00:00,75.81779166666664
2018-07-14 14:00:00,73.23241666666667
2018-07-15 02:00:00,80.67802777777777
2018-07-15 14:00:00,69.50038888888895
2018-07-16 02:00:00,80.43812499999999
2018-07-16 14:00:00,62.584986111111114
2018-07-17 02:00:00,75.93361111111105
2018-07-17 14:00:00,58.73744444444437
2018-07-18 02:00:00,73.01681944444442
2018-07-18 14:00:00,57.06737500000001
2018-07-19 02:00:00,72.12313888888885
2018-07-19 14:00:00,55.28056944444447
2018-07-20 02:00:00,73.5755416666667
2018-07-20 14:00:00,56.79917941585538
2018-07-21 02:00:00,74.56390277777777
2018-07-21 14:00:00,57.746736111111105
2018-07-22 02:00:00,68.56241666666652
2018-07-22 14:00:00,56.573625000000064
2018-07-23 02:00:00,73.21154166666659
2018-07-23 14:00:00,62.84979166666672
2018-07-24 02:00:00,72.23472222222225
2018-07-24 14:00:00,57.87012499999997
2018-07-25 02:00:00,69.71326388888889
2018-07-25 14:00:00,56.296916666666654
2018-07-26 02:00:00,69.09523611111109
2018-07-26 14:00:00,55.47570833333339
2018-07-27 02:00:00,69.81037499999998
2018-07-27 14:00:00,61.60022222222222
2018-07-28 02:00:00,69.75934722222225
2018-07-28 14:00:00,63.3708888888889
2018-07-29 02:00:00,72.36331944444458
2018-07-29 14:00:00,61.52290681502074
2018-07-30 02:00:00,65.88636111111114
2018-07-30 14:00:00,57.84572222222229
2018-07-31 02:00:00,62.297569444444434
2018-07-31 14:00:00,55.04211111111118
2018-08-01 02:00:00,63.289930555555586
2018-08-01 14:00:00,55.433986111111096
2018-08-02 02:00:00,65.7978055555556
2018-08-02 14:00:00,54.92351388888892
2018-08-03 02:00:00,67.00994444444444
2018-08-03 14:00:00,57.47690277777782
2018-08-04 02:00:00,67.19351388888896
2018-08-04 14:00:00,58.94337499999993
2018-08-05 02:00:00,66.90390277777777
2018-08-05 14:00:00,61.56423611111114
2018-08-06 02:00:00,70.58493055555552
2018-08-06 14:00:00,54.85068055555556
2018-08-07 02:00:00,65.31767732962453
2018-08-07 14:00:00,50.077125000000045
2018-08-08 02:00:00,58.3143888888889
2018-08-08 14:00:00,53.70737500000007
2018-08-09 02:00:00,65.19988888888885
2018-08-09 14:00:00,62.07319444444453
2018-08-10 02:00:00,70.91805555555554
2018-08-10 14:00:00,67.06615277777776
2018-08-11 02:00:00,76.73137499999987
2018-08-11 14:00:00,77.0280833333333
2018-08-12 02:00:00,80.49594444444436
2018-08-12 14:00:00,71.32724999999998
2018-08-13 02:00:00,73.96161111111108
2018-08-13 14:00:00,68.589625
2018-08-14 02:00:00,76.15969444444447
2018-08-14 14:00:00,74.21666666666667
2018-08-15 02:00:00,78.48618055555542
2018-08-15 14:00:00,72.5161805555556
2018-08-16 02:00:00,76.9694861111111
2018-08-16 14:00:00,67.06301808066756
2018-08-17 02:00:00,74.12868055555555
2018-08-17 14:00:00,72.12119444444451
2018-08-18 02:00:00,78.86891666666669
2018-08-18 14:00:00,69.54527777777777
2018-08-19 02:00:00,76.27108333333338
2018-08-19 14:00:00,70.48695833333326
2018-08-20 02:00:00,75.28804166666677
2018-08-20 14:00:00,70.40366666666664
2018-08-21 02:00:00,77.85076388888885
2018-08-21 14:00:00,69.26300000000003
2018-08-22 02:00:00,77.19204166666663
2018-08-22 14:00:00,64.63149999999999
2018-08-23 02:00:00,74.8303333333334
2018-08-23 14:00:00,67.30265277777778
2018-08-24 02:00:00,73.59329166666662
2018-08-24 14:00:00,70.85379166666672
2018-08-25 02:00:00,78.74063888888865
2018-08-25 14:00:00,79.84956944444448
2018-08-26 02:00:00,82.44597222222241
2018-08-26 14:00:00,76.99263888888882
2018-08-27 02:00:00,79.08440890125172
2018-08-27 14:00:00,79.0994999999999
2018-08-28 02:00:00,81.74108333333339
2018-08-28 14:00:00,78.76451388888887
2018-08-29 02:00:00,81.61376388888887
2018-08-29 14:00:00,72.09275000000005
2018-08-30 02:00:00,78.36444444444459
2018-08-30 14:00:00,81.39847222222191
2018-08-31 02:00:00,83.70249999999993
2018-08-31 14:00:00,81.7424478442282
2018-09-01 02:00:00,83.5869444444445
2018-09-01 14:00:00,83.43027777777792
2018-09-02 02:00:00,87.09083333333326
2018-09-02 14:00:00,83.48972222222197
2018-09-03 02:00:00,84.05855354659239
2018-09-03 14:00:00,79.42691666666674
2018-09-04 02:00:00,83.51680555555528
2018-09-04 14:00:00,78.84488888888887
2018-09-05 02:00:00,83.93624999999997
2018-09-05 14:00:00,79.06666666666656
2018-09-06 02:00:00,83.34541666666667
2018-09-06 14:00:00,79.69277777777765
2018-09-07 02:00:00,82.22144444444433
2018-09-07 14:00:00,80.69739916550762
2018-09-08 02:00:00,83.91722222222214
2018-09-08 14:00:00,82.34791666666658
2018-09-09 02:00:00,83.64763888888919
2018-09-09 14:00:00,81.0494583333334
2018-09-10 02:00:00,83.598888888889
2018-09-10 14:00:00,80.3159166666667
2018-09-11 02:00:00,83.12486111111116
2018-09-11 14:00:00,82.23805555555545
2018-09-12 02:00:00,84.79041666666633
2018-09-12 14:00:00,85.04847222222277
2018-09-13 02:00:00,85.766388888889
2018-09-13 14:00:00,84.27277777777759
2018-09-14 02:00:00,87.55555555555513
2018-09-14 14:00:00,85.683888888889
2018-09-15 02:00:00,87.26333333333298
2018-09-15 14:00:00,87.4319444444452
2018-09-16 02:00:00,88.33944444444454
2018-09-16 14:00:00,87.10847222222256
2018-09-17 02:00:00,88.45430555555548
2018-09-17 14:00:00,86.51930555555536
2018-09-18 02:00:00,88.46250000000009
2018-09-18 14:00:00,84.82809457579974
2018-09-19 02:00:00,87.02166666666695
2018-09-19 14:00:00,83.87465181058525
2018-09-20 02:00:00,84.88013888888891
2018-09-20 14:00:00,81.32911111111095
2018-09-21 02:00:00,83.7969444444445
2018-09-21 14:00:00,83.23027777777797
2018-09-22 02:00:00,87.56291666666601
2018-09-22 14:00:00,87.8916666666663
2018-09-23 02:00:00,89.2141666666667
2018-09-23 14:00:00,89.78861111111077
2018-09-24 02:00:00,90.73736111111128
2018-09-24 14:00:00,89.36888888888886
2018-09-25 02:00:00,90.57694444444459
2018-09-25 14:00:00,90.96138888888945
2018-09-26 02:00:00,91.34305555555551
2018-09-26 14:00:00,89.36694444444414
2018-09-27 02:00:00,90.08958333333423
2018-09-27 14:00:00,89.00347222222211
2018-09-28 02:00:00,89.71999999999994
2018-09-28 14:00:00,89.12361111111107
2018-09-29 02:00:00,90.06750000000028
2018-09-29 14:00:00,89.43027777777795
2018-09-30 02:00:00,90.8683333333334
2018-09-30 14:00:00,89.62847222222254
2018-10-01 02:00:00,90.63722222222287
2018-10-01 14:00:00,91.49430555555568
2018-10-02 02:00:00,92.92573018080564
2018-10-02 14:00:00,92.98777777777805
2018-10-03 02:00:00,92.54138888888883
2018-10-03 14:00:00,91.87000000000019
2018-10-04 02:00:00,92.0743055555547
2018-10-04 14:00:00,92.44569444444376
2018-10-05 02:00:00,92.56277777777755
2018-10-05 14:00:00,91.37361111111174
2018-10-06 02:00:00,92.07930555555572
2018-10-06 14:00:00,92.1661111111112
2018-10-07 02:00:00,93.20916666666706
2018-10-07 14:00:00,93.71027777777823
2018-10-08 02:00:00,94.01027777777809
2018-10-08 14:00:00,93.59736111111151
2018-10-09 02:00:00,94.68277777777836
2018-10-09 14:00:00,93.80180555555587
2018-10-10 02:00:00,94.69652777777873
2018-10-10 14:00:00,94.18458333333292
2018-10-11 02:00:00,94.67277777777831
2018-10-11 14:00:00,93.40763888888957
2018-10-12 02:00:00,93.59819444444479
2018-10-12 14:00:00,92.69750000000015
2018-10-13 02:00:00,93.20499999999979
2018-10-13 14:00:00,91.06791666666695
2018-10-14 02:00:00,90.77930555555568
2018-10-14 14:00:00,89.97691237830277
2018-10-15 02:00:00,91.04611111111105
2018-10-15 14:00:00,90.4897222222226
2018-10-16 02:00:00,92.12458333333285
2018-10-16 14:00:00,91.51361111111055
2018-10-17 02:00:00,92.1863888888888
2018-10-17 14:00:00,92.28138888888918
2018-10-18 02:00:00,92.74305555555634
2018-10-18 14:00:00,92.7137499999999
2018-10-19 02:00:00,93.91597222222195
2018-10-19 14:00:00,94.41902777777719
2018-10-20 02:00:00,94.71041666666709
2018-10-20 14:00:00,94.29777777777764
2018-10-21 02:00:00,94.97444444444409
2018-10-21 14:00:00,94.95680555555613
2018-10-22 02:00:00,96.05541666666605
2018-10-22 14:00:00,96.42152777777815
2018-10-23 02:00:00,96.37541666666668
2018-10-23 14:00:00,95.96763888888916
2018-10-24 02:00:00,95.96347222222252
2018-10-24 14:00:00,95.45277777777784
2018-10-25 02:00:00,94.97374999999977
2018-10-25 14:00:00,94.8138888888898
2018-10-26 02:00:00,94.90777777777788
2018-10-26 14:00:00,95.01999999999937
2018-10-27 02:00:00,95.60361111111106
2018-10-27 14:00:00,95.94291666666687
2018-10-28 02:00:00,96.52030598052805
2018-10-28 13:00:00,96.54513888888954
2018-10-29 01:00:00,96.02500000000015
2018-10-29 13:00:00,95.57458333333321
2018-10-30 01:00:00,95.0565277777773
2018-10-30 13:00:00,95.6956944444446
2018-10-31 01:00:00,96.52750000000023
2018-10-31 13:00:00,96.5645833333338
2018-11-01 01:00:00,96.87138888888849
2018-11-01 13:00:00,96.48763888888855
2018-11-02 01:00:00,97.36138888888856
2018-11-02 13:00:00,96.95861111111144
2018-11-03 01:00:00,97.7398611111115
2018-11-03 13:00:00,98.11166666666729
2018-11-04 01:00:00,98.34236111111107
2018-11-04 13:00:00,97.87805555555671
2018-11-05 01:00:00,97.61194444444405
2018-11-05 13:00:00,97.54347222222209
2018-11-06 01:00:00,98.32430555555473
2018-11-06 13:00:00,98.27305555555492
2018-11-07 01:00:00,98.64333333333364
2018-11-07 13:00:00,98.49680555555584
2018-11-08 01:00:00,98.87166666666651
2018-11-08 13:00:00,98.89402777777832
2018-11-09 01:00:00,98.89083333333271
2018-11-09 13:00:00,98.70430555555534
2018-11-10 01:00:00,98.6895833333337
2018-11-10 13:00:00,98.29388888888981
2018-11-11 01:00:00,98.10000000000099
2018-11-11 13:00:00,97.77009735744177
2018-11-12 01:00:00,98.12819444444388
2018-11-12 13:00:00,97.82152777777765
2018-11-13 01:00:00,97.88500000000036
2018-11-13 13:00:00,97.811527777779
2018-11-14 01:00:00,97.82375000000064
2018-11-14 13:00:00,97.75888888888949
2018-11-15 01:00:00,97.91763888888815
2018-11-15 13:00:00,98.17958333333316
2018-11-16 01:00:00,98.79222222222263
2018-11-16 13:00:00,98.80083333333396
2018-11-17 01:00:00,99.03874999999957
2018-11-17 13:00:00,99.28180555555576
2018-11-18 01:00:00,99.14263888888951
2018-11-18 13:00:00,98.79083333333368
2018-11-19 01:00:00,98.97208333333285
2018-11-19 13:00:00,99.24916666666724
2018-11-20 01:00:00,99.56416666666622
2018-11-20 13:00:00,99.7576388888884
2018-11-21 01:00:00,99.9372222222224
2018-11-21 13:00:00,99.97736111111112
2018-11-22 01:00:00,99.97097222222263
2018-11-22 13:00:00,99.96569444444442
2018-11-23 01:00:00,99.9418055555562
2018-11-23 13:00:00,99.81111111111204
2018-11-24 01:00:00,99.70680555555599
2018-11-24 13:00:00,99.60222222222143
2018-11-25 01:00:00,99.4545833333334
2018-11-25 13:00:00,99.45027777777833
2018-11-26 01:00:00,99.67847222222193
2018-11-26 13:00:00,99.70611111111076
2018-11-27 01:00:00,99.66314325451977
2018-11-27 13:00:00,99.79736111111151
2018-11-28 01:00:00,99.91861111111088
2018-11-28 13:00:00,99.96444444444445
2018-11-29 01:00:00,99.8759722222228
2018-11-29 13:00:00,99.644305555555
2018-11-30 01:00:00,99.45944444444372
2018-11-30 13:00:00,99.41055555555559
2018-12-01 01:00:00,99.26597222222271
2018-12-01 13:00:00,98.99819444444307
2018-12-02 01:00:00,99.1266666666658
2018-12-02 13:00:00,98.54875000000051
2018-12-03 01:00:00,98.16569444444418
2018-12-03 13:00:00,98.64819444444431
2018-12-04 01:00:00,99.2556944444449
2018-12-04 13:00:00,99.54861111111008
2018-12-05 01:00:00,99.62638888888941
2018-12-05 13:00:00,99.887777777778
2018-12-06 01:00:00,99.79111111111135
2018-12-06 13:00:00,98.96527777777919
2018-12-07 01:00:00,98.55458333333263
2018-12-07 13:00:00,98.74986111111055
2018-12-08 01:00:00,99.36777777777843
2018-12-08 13:00:00,99.39708333333375
2018-12-09 01:00:00,99.51249999999978
2018-12-09 13:00:00,99.67986111111078
2018-12-10 01:00:00,99.87611111111215
2018-12-10 13:00:00,99.95541666666662
2018-12-11 01:00:00,99.95763888888945
2018-12-11 13:00:00,99.95541666666664
2018-12-12 01:00:00,99.91404728790049
2018-12-12 13:00:00,99.9693055555556
2018-12-13 01:00:00,99.99791666666654
2018-12-13 13:00:00,99.99569444444445
2018-12-14 01:00:00,100.0
2018-12-14 13:00:00,100.0
2018-12-15 01:00:00,100.0
2018-12-15 13:00:00,100.0
2018-12-16 01:00:00,100.0
2018-12-16 13:00:00,100.0
2018-12-17 01:00:00,100.0
2018-12-17 13:00:00,100.0
2018-12-18 01:00:00,100.0
2018-12-18 13:00:00,100.0
2018-12-19 01:00:00,100.0
2018-12-19 13:00:00,100.0
2018-12-20 01:00:00,100.0
2018-12-20 13:00:00,100.0
2018-12-21 01:00:00,100.0
2018-12-21 13:00:00,99.99888888888891
2018-12-22 01:00:00,100.0
2018-12-22 13:00:00,99.97222222222223
2018-12-23 01:00:00,100.0
2018-12-23 13:00:00,100.0
2018-12-24 01:00:00,100.0
2018-12-24 13:00:00,100.0
2018-12-25 01:00:00,100.0
2018-12-25 13:00:00,100.0
2018-12-26 01:00:00,100.0
2018-12-26 13:00:00,100.0
2018-12-27 01:00:00,100.0
2018-12-27 13:00:00,100.0
2018-12-28 01:00:00,100.0
2018-12-28 13:00:00,100.0
2018-12-29 01:00:00,100.0
2018-12-29 13:00:00,100.0
2018-12-30 01:00:00,100.0
2018-12-30 13:00:00,100.0
2018-12-31 01:00:00,100.0
2018-12-31 13:00:00,99.99847222222222
2019-01-01 01:00:00,100.0
2019-01-01 13:00:00,100.0
2019-01-02 01:00:00,100.0
2019-01-02 13:00:00,100.0
2019-01-03 01:00:00,99.9684722222224
2019-01-03 13:00:00,99.95430555555552
2019-01-04 01:00:00,100.0
2019-01-04 13:00:00,100.0
2019-01-05 01:00:00,100.0
2019-01-05 13:00:00,100.0
2019-01-06 01:00:00,100.0
2019-01-06 13:00:00,100.0
2019-01-07 01:00:00,100.0
2019-01-07 13:00:00,100.0
2019-01-08 01:00:00,100.0
2019-01-08 13:00:00,100.0
2019-01-09 01:00:00,100.0
2019-01-09 13:00:00,100.0
2019-01-10 01:00:00,100.0
2019-01-10 13:00:00,100.0
2019-01-11 01:00:00,100.0
2019-01-11 13:00:00,100.0
2019-01-12 01:00:00,100.0
2019-01-12 13:00:00,100.0
2019-01-13 01:00:00,100.0
2019-01-13 13:00:00,100.0
2019-01-14 01:00:00,100.0
2019-01-14 13:00:00,100.0
2019-01-15 01:00:00,100.0
2019-01-15 13:00:00,100.0
2019-01-16 01:00:00,100.0
2019-01-16 13:00:00,100.0
2019-01-17 01:00:00,100.0
2019-01-17 13:00:00,100.0
2019-01-18 01:00:00,100.0
2019-01-18 13:00:00,100.0
2019-01-19 01:00:00,100.0
2019-01-19 13:00:00,100.0
2019-01-20 01:00:00,100.0
2019-01-20 13:00:00,100.0
2019-01-21 01:00:00,100.0
2019-01-21 13:00:00,100.0
2019-01-22 01:00:00,100.0
2019-01-22 13:00:00,100.0
2019-01-23 01:00:00,100.0
2019-01-23 13:00:00,100.0
2019-01-24 01:00:00,99.7420833333328
2019-01-24 13:00:00,99.89597222222237
2019-01-25 01:00:00,99.99847222222228
2019-01-25 13:00:00,100.0
2019-01-26 01:00:00,99.97305555555563
2019-01-26 13:00:00,100.0
2019-01-27 01:00:00,100.0
2019-01-27 13:00:00,100.0
2019-01-28 01:00:00,100.0
2019-01-28 13:00:00,100.0
2019-01-29 01:00:00,100.0
2019-01-29 13:00:00,100.0
2019-01-30 01:00:00,100.0
2019-01-30 13:00:00,100.0
2019-01-31 01:00:00,100.0
2019-01-31 13:00:00,100.0
2019-02-01 01:00:00,100.0
2019-02-01 13:00:00,100.0
2019-02-02 01:00:00,100.0
2019-02-02 13:00:00,100.0
2019-02-03 01:00:00,100.0
2019-02-03 13:00:00,100.0
2019-02-04 01:00:00,100.0
2019-02-04 13:00:00,100.0
2019-02-05 01:00:00,100.0
2019-02-05 13:00:00,100.0
2019-02-06 01:00:00,100.0
2019-02-06 13:00:00,100.0
2019-02-07 01:00:00,100.0
2019-02-07 13:00:00,100.0
2019-02-08 01:00:00,100.0
2019-02-08 13:00:00,100.0
2019-02-09 01:00:00,100.0
2019-02-09 13:00:00,100.0
2019-02-10 01:00:00,100.0
2019-02-10 13:00:00,100.0
2019-02-11 01:00:00,100.0
2019-02-11 13:00:00,100.0
2019-02-12 01:00:00,100.0
2019-02-12 13:00:00,100.0
2019-02-13 01:00:00,100.0
2019-02-13 13:00:00,100.0
2019-02-14 01:00:00,100.0
2019-02-14 13:00:00,100.0
2019-02-15 01:00:00,99.96527777777806
2019-02-15 13:00:00,99.83305555555552
2019-02-16 01:00:00,99.90708333333349
2019-02-16 13:00:00,99.97749999999998
2019-02-17 01:00:00,100.0
2019-02-17 13:00:00,100.0
2019-02-18 01:00:00,99.92072322670371
2019-02-18 13:00:00,99.77041666666668
2019-02-19 01:00:00,100.0
2019-02-19 13:00:00,100.0
2019-02-20 01:00:00,100.0
2019-02-20 13:00:00,100.0
2019-02-21 01:00:00,100.0
2019-02-21 13:00:00,100.0
2019-02-22 01:00:00,100.0
2019-02-22 13:00:00,100.0
2019-02-23 01:00:00,100.0
2019-02-23 13:00:00,99.93791666666672
2019-02-24 01:00:00,99.8394444444443
2019-02-24 13:00:00,99.41972222222219
2019-02-25 01:00:00,99.83388888888885
2019-02-25 13:00:00,99.49180555555556
2019-02-26 01:00:00,99.84541666666668
2019-02-26 13:00:00,99.55861111111116
2019-02-27 01:00:00,99.71583333333332
2019-02-27 13:00:00,99.45527777777778
2019-02-28 01:00:00,100.0
2019-02-28 13:00:00,100.0
2019-03-01 01:00:00,100.0
2019-03-01 13:00:00,100.0
2019-03-02 01:00:00,100.0
2019-03-02 13:00:00,100.0
2019-03-03 01:00:00,99.96453407510431
2019-03-03 13:00:00,99.88208333333338
2019-03-04 01:00:00,99.59152777777695
2019-03-04 13:00:00,99.76291666666701
2019-03-05 01:00:00,99.85375000000006
2019-03-05 13:00:00,99.79458333333359
2019-03-06 01:00:00,99.81041666666702
2019-03-06 13:00:00,99.06569444444435
2019-03-07 01:00:00,99.34666666666635
2019-03-07 13:00:00,99.40930555555487
2019-03-08 01:00:00,99.48250000000002
2019-03-08 13:00:00,99.37869362363865
2019-03-09 01:00:00,
2019-03-09 13:00:00,
2019-03-10 01:00:00,99.33004172461744
2019-03-10 13:00:00,99.22680555555492
2019-03-11 01:00:00,99.6655555555558
2019-03-11 13:00:00,99.7097222222222
2019-03-12 01:00:00,99.69708333333321
2019-03-12 13:00:00,99.52624999999964
2019-03-13 01:00:00,99.77472222222254
2019-03-13 13:00:00,99.51111111111048
2019-03-14 01:00:00,99.34249999999987
2019-03-14 13:00:00,99.19555555555536
2019-03-15 01:00:00,98.83685674547928
2019-03-15 13:00:00,98.68333333333264
2019-03-16 01:00:00,98.69680555555544
2019-03-16 13:00:00,98.5616666666668
2019-03-17 01:00:00,97.97791666666716
2019-03-17 13:00:00,98.38833333333332
2019-03-18 01:00:00,98.72250000000022
2019-03-18 13:00:00,98.6413888888888
2019-03-19 01:00:00,98.91013888888914
2019-03-19 13:00:00,98.85847222222178
2019-03-20 01:00:00,99.07930555555569
2019-03-20 13:00:00,98.5084722222227
2019-03-21 01:00:00,99.0518055555562
2019-03-21 13:00:00,99.45430555555572
2019-03-22 01:00:00,99.98680555555538
2019-03-22 13:00:00,99.77555555555556
2019-03-23 01:00:00,100.0
2019-03-23 13:00:00,100.0
2019-03-24 01:00:00,100.0
2019-03-24 13:00:00,100.0
2019-03-25 01:00:00,100.0
2019-03-25 13:00:00,100.0
2019-03-26 01:00:00,100.0
2019-03-26 13:00:00,100.0
2019-03-27 01:00:00,100.0
2019-03-27 13:00:00,100.0
2019-03-28 01:00:00,100.0
2019-03-28 13:00:00,99.97333333333334
2019-03-29 01:00:00,92.146111111111
2019-03-29 13:00:00,28.84986111111111
2019-03-30 01:00:00,86.24499999999998
2019-03-30 13:00:00,90.37738888888887
2019-03-31 01:00:00,59.34712500000001
2019-03-31 14:00:00,100.0
2019-04-01 02:00:00,99.66041666666678
2019-04-01 14:00:00,99.61569444444449
2019-04-02 02:00:00,99.34125000000006
2019-04-02 14:00:00,78.2976388888889
2019-04-03 02:00:00,95.05124999999948
2019-04-03 14:00:00,92.01444444444314
2019-04-04 02:00:00,83.00958333333334
2019-04-04 14:00:00,80.85791666666665
2019-04-05 02:00:00,91.6296527777778
2019-04-05 14:00:00,99.79666666666668
2019-04-06 02:00:00,99.75076495132154
2019-04-06 14:00:00,99.74944444444445
2019-04-07 02:00:00,99.43777777777777
2019-04-07 14:00:00,97.11569444444453
2019-04-08 02:00:00,96.80305555555556
2019-04-08 14:00:00,94.8234722222222
2019-04-09 02:00:00,95.25597222222208
2019-04-09 14:00:00,97.3502777777778
2019-04-10 02:00:00,97.05222222222228
2019-04-10 14:00:00,97.51833333333329
2019-04-11 02:00:00,97.909861111111
2019-04-11 14:00:00,97.32138888888879
2019-04-12 02:00:00,96.59694444444435
2019-04-12 14:00:00,98.39611111111118
2019-04-13 02:00:00,96.67208333333322
2019-04-13 14:00:00,96.27041666666665
2019-04-14 02:00:00,96.83319444444435
2019-04-14 14:00:00,97.37319444444448
2019-04-15 02:00:00,96.67458333333329
2019-04-15 14:00:00,98.66305555555547
2019-04-16 02:00:00,98.59527777777781
2019-04-16 14:00:00,99.45180555555568
2019-04-17 02:00:00,98.91708333333335
2019-04-17 14:00:00,99.99290681502086
2019-04-18 02:00:00,99.51319444444457
2019-04-18 14:00:00,99.04222222222224
2019-04-19 02:00:00,99.44805555555556
2019-04-19 14:00:00,96.7051388888888
2019-04-20 02:00:00,95.64930555555556
2019-04-20 14:00:00,93.75208333333329
2019-04-21 02:00:00,94.98583333333332
2019-04-21 14:00:00,91.9069444444444
2019-04-22 02:00:00,92.48388888888896
2019-04-22 14:00:00,88.69750000000003
2019-04-23 02:00:00,91.08791666666671
2019-04-23 14:00:00,90.21944444444435
2019-04-24 02:00:00,90.4531944444444
2019-04-24 14:00:00,90.14249999999998
2019-04-25 02:00:00,89.85513888888892
2019-04-25 14:00:00,89.56467315716264
2019-04-26 02:00:00,89.37763888888895
2019-04-26 14:00:00,89.56791666666666
2019-04-27 02:00:00,89.18597222222225
2019-04-27 14:00:00,88.17791666666677
2019-04-28 02:00:00,88.22625000000004
2019-04-28 14:00:00,88.58708333333321
2019-04-29 02:00:00,88.14402777777781
2019-04-29 14:00:00,87.97027777777784
2019-04-30 02:00:00,88.72180555555549
2019-04-30 14:00:00,85.06361111111106
2019-05-01 02:00:00,86.45055555555548
2019-05-01 14:00:00,87.12874999999994
2019-05-02 02:00:00,87.32527777777773
2019-05-02 14:00:00,88.176111111111
2019-05-03 02:00:00,88.08777777777789
2019-05-03 14:00:00,88.28680555555546
2019-05-04 02:00:00,90.02333333333323
2019-05-04 14:00:00,89.06138888888881
2019-05-05 02:00:00,89.86875000000008
2019-05-05 14:00:00,87.39388038942988
2019-05-06 02:00:00,89.20236111111113
2019-05-06 14:00:00,89.1209722222221
2019-05-07 02:00:00,89.47111111111103
2019-05-07 14:00:00,88.3854166666667
2019-05-08 02:00:00,93.4602777777778
2019-05-08 14:00:00,85.88388888888885
2019-05-09 02:00:00,87.57708333333338
2019-05-09 14:00:00,87.90513888888891
2019-05-10 02:00:00,91.18472222222219
2019-05-10 14:00:00,91.2083333333334
2019-05-11 02:00:00,90.33625000000008
2019-05-11 14:00:00,89.8415277777776
2019-05-12 02:00:00,89.49819444444451
2019-05-12 14:00:00,87.20194444444445
2019-05-13 02:00:00,86.19925000000003
2019-05-13 14:00:00,89.2759722222223
2019-05-14 02:00:00,91.08277777777764
2019-05-14 14:00:00,90.8456944444445
2019-05-15 02:00:00,92.70611961057017
2019-05-15 14:00:00,92.5234722222222
2019-05-16 02:00:00,92.91999999999996
2019-05-16 14:00:00,94.02236111111121
2019-05-17 02:00:00,92.96513888888894
2019-05-17 14:00:00,91.88819444444452
2019-05-18 02:00:00,92.37402777777784
2019-05-18 14:00:00,91.32166666666656
2019-05-19 02:00:00,91.08430555555552
2019-05-19 14:00:00,90.62486111111113
2019-05-20 02:00:00,90.30305555555559
2019-05-20 14:00:00,88.28916666666672
2019-05-21 02:00:00,88.6370138888888
2019-05-21 14:00:00,88.64055555555555
2019-05-22 02:00:00,88.72458333333338
2019-05-22 14:00:00,89.1991666666667
2019-05-23 02:00:00,90.12638888888884
2019-05-23 14:00:00,88.11140472879002
2019-05-24 02:00:00,88.24180555555564
2019-05-24 14:00:00,87.66944444444442
2019-05-25 02:00:00,87.44069444444452
2019-05-25 14:00:00,87.70750000000005
2019-05-26 02:00:00,90.30930555555555
2019-05-26 14:00:00,90.74527777777784
2019-05-27 02:00:00,92.30986111111119
2019-05-27 14:00:00,91.54416666666671
2019-05-28 02:00:00,92.85680555555571
2019-05-28 14:00:00,92.2894444444446
2019-05-29 02:00:00,94.19069444444449
2019-05-29 14:00:00,92.86833333333335
2019-05-30 02:00:00,94.77069444444427
2019-05-30 14:00:00,94.89722222222194
2019-05-31 02:00:00,95.8365277777777
2019-05-31 14:00:00,92.79375
