timestamp,weight
2017-01-01 13:00:00,50736.79007751918
2017-01-02 01:00:00,50700.684999999954
2017-01-02 13:00:00,50614.907500000125
2017-01-03 01:00:00,50739.824166666716
2017-01-03 13:00:00,50799.7469444445
2017-01-04 01:00:00,50650.267638888865
2017-01-04 13:00:00,50414.937916666735
2017-01-05 01:00:00,50167.521527777695
2017-01-05 13:00:00,50052.09486111119
2017-01-06 01:00:00,49881.480972222314
2017-01-06 13:00:00,50463.972777777744
2017-01-07 01:00:00,50547.33083333333
2017-01-07 13:00:00,50558.82833333329
2017-01-08 01:00:00,50554.82361111107
2017-01-08 13:00:00,50517.43805555558
2017-01-09 01:00:00,50474.245277777714
2017-01-09 13:00:00,50405.41791666669
2017-01-10 01:00:00,50414.804722222354
2017-01-10 13:00:00,50479.69541666665
2017-01-11 01:00:00,50437.84708333332
2017-01-11 13:00:00,50439.00638888921
2017-01-12 01:00:00,50381.42486111116
2017-01-12 13:00:00,50389.892083333434
2017-01-13 01:00:00,50322.47986111113
2017-01-13 13:00:00,50284.22958333333
2017-01-14 01:00:00,50377.39472222231
2017-01-14 13:00:00,50275.067916666725
2017-01-15 01:00:00,50311.88708333332
2017-01-15 13:00:00,50095.65680555549
2017-01-16 01:00:00,49874.35680555553
2017-01-16 13:00:00,50105.882777777646
2017-01-17 01:00:00,50251.03750000001
2017-01-17 13:00:00,50210.18305555555
2017-01-18 01:00:00,50157.621111111184
2017-01-18 13:00:00,50207.535555555514
2017-01-19 01:00:00,50161.67874999999
2017-01-19 13:00:00,50208.2273611111
2017-01-20 01:00:00,50172.53180555554
2017-01-20 13:00:00,50195.743472222195
2017-01-21 01:00:00,50148.95347222215
2017-01-21 13:00:00,50175.73416666674
2017-01-22 01:00:00,49981.42680555542
2017-01-22 13:00:00,50050.12361111112
2017-01-23 01:00:00,49934.75694444448
2017-01-23 13:00:00,50066.56833333338
2017-01-24 01:00:00,50027.580000000045
2017-01-24 13:00:00,50030.3547222222
2017-01-25 01:00:00,49870.26222222225
2017-01-25 13:00:00,49799.02027777777
2017-01-26 01:00:00,49954.357083333445
2017-01-26 13:00:00,49858.12430555562
2017-01-27 01:00:00,49694.6445833334
2017-01-27 13:00:00,49870.05097222235
2017-01-28 01:00:00,49566.06763888882
2017-01-28 13:00:00,49720.291111111204
2017-01-29 01:00:00,49854.71361111116
2017-01-29 13:00:00,49939.57513888876
2017-01-30 01:00:00,49833.49249999992
2017-01-30 13:00:00,49699.377777777714
2017-01-31 01:00:00,49762.28847222236
2017-01-31 13:00:00,49865.191666666586
2017-02-01 01:00:00,49731.544444444495
2017-02-01 13:00:00,49736.14708333334
2017-02-02 01:00:00,49654.51222222232
2017-02-02 13:00:00,49797.890138888855
2017-02-03 01:00:00,49715.21250000001
2017-02-03 13:00:00,49804.27208333328
2017-02-04 01:00:00,49788.81277777762
2017-02-04 13:00:00,49792.33791666664
2017-02-05 01:00:00,49573.02472222212
2017-02-05 13:00:00,49746.79777777776
2017-02-06 01:00:00,49584.72361111106
2017-02-06 13:00:00,49656.54055555561
2017-02-07 01:00:00,49527.30069444464
2017-02-07 13:00:00,49378.839305555535
2017-02-08 01:00:00,49327.66791666652
2017-02-08 13:00:00,49233.071666666416
2017-02-09 01:00:00,49183.16527777771
2017-02-09 13:00:00,49229.00374999976
2017-02-10 01:00:00,49246.94583333351
2017-02-10 13:00:00,49439.533055555716
2017-02-11 01:00:00,49379.00166666693
2017-02-11 13:00:00,49461.011111111104
2017-02-12 01:00:00,49447.556250000096
2017-02-12 13:00:00,49332.12541666666
2017-02-13 01:00:00,49083.82180555553
2017-02-13 13:00:00,49208.88763888867
2017-02-14 01:00:00,48981.701527777754
2017-02-14 13:00:00,49244.83374999988
2017-02-15 01:00:00,48988.618055555584
2017-02-15 13:00:00,49211.75569444447
2017-02-16 01:00:00,49144.676527777614
2017-02-16 13:00:00,49297.34569444449
2017-02-17 01:00:00,49227.674722222284
2017-02-17 13:00:00,49292.39069444439
2017-02-18 01:00:00,49160.535555555594
2017-02-18 13:00:00,49227.387916666885
2017-02-19 01:00:00,49226.18694444442
2017-02-19 13:00:00,49249.2104166667
2017-02-20 01:00:00,49223.91583333325
2017-02-20 13:00:00,49270.603333333514
2017-02-21 01:00:00,49139.550833333284
2017-02-21 13:00:00,49120.89152777785
2017-02-22 01:00:00,49126.575277777556
2017-02-22 13:00:00,49032.94666666666
2017-02-23 01:00:00,48991.757222222215
2017-02-23 13:00:00,48995.2484722223
2017-02-24 01:00:00,48907.691666666615
2017-02-24 13:00:00,48940.81138888887
2017-02-25 01:00:00,48842.67027777787
2017-02-25 13:00:00,48982.016527777785
2017-02-26 01:00:00,49003.53458333339
2017-02-26 13:00:00,49041.331944444435
2017-02-27 01:00:00,49023.03305555542
2017-02-27 13:00:00,48964.99027777778
2017-02-28 01:00:00,48823.60791666667
2017-02-28 13:00:00,48805.93847222222
2017-03-01 01:00:00,48757.18888888873
2017-03-01 13:00:00,48759.714305555506
2017-03-02 01:00:00,48722.565277777736
2017-03-02 13:00:00,48755.27999999998
2017-03-03 01:00:00,48677.7620833333
2017-03-03 13:00:00,48591.36597222229
2017-03-04 01:00:00,48301.64819444446
2017-03-04 13:00:00,48016.978750000046
2017-03-05 01:00:00,47923.57305555555
2017-03-05 13:00:00,47883.39722222214
2017-03-06 01:00:00,47812.86319444429
2017-03-06 13:00:00,47667.231249999844
2017-03-07 01:00:00,47557.82916666661
2017-03-07 13:00:00,47802.49805555563
2017-03-08 01:00:00,47743.557916666585
2017-03-08 13:00:00,47730.391250000095
2017-03-09 01:00:00,47740.1527777778
2017-03-09 13:00:00,47713.567638888984
2017-03-10 01:00:00,47640.51833333335
2017-03-10 13:00:00,47610.37027777777
2017-03-11 01:00:00,47624.01722222219
2017-03-11 13:00:00,47407.69083333339
2017-03-12 01:00:00,47340.692222222286
2017-03-12 13:00:00,47471.58430555559
2017-03-13 01:00:00,47236.846805555644
2017-03-13 13:00:00,47406.400833333435
2017-03-14 01:00:00,47515.721805555586
2017-03-14 13:00:00,47373.12444444454
2017-03-15 01:00:00,47301.28097222227
2017-03-15 13:00:00,47249.413611111195
2017-03-16 01:00:00,47202.048055555584
2017-03-16 13:00:00,47170.23347222216
2017-03-17 01:00:00,47106.86611111111
2017-03-17 13:00:00,47025.70013888896
2017-03-18 01:00:00,47004.329027777734
2017-03-18 13:00:00,46958.838611110994
2017-03-19 01:00:00,46810.0130555555
2017-03-19 13:00:00,47045.88388888878
2017-03-20 01:00:00,47027.864027777716
2017-03-20 13:00:00,47002.49277777777
2017-03-21 01:00:00,46913.864305555544
2017-03-21 13:00:00,46888.12763888869
2017-03-22 01:00:00,46717.29375000008
2017-03-22 13:00:00,46615.78555555559
2017-03-23 01:00:00,46614.73208333325
2017-03-23 13:00:00,46655.75527777772
2017-03-24 01:00:00,46414.53513888879
2017-03-24 13:00:00,46679.77194444443
2017-03-25 01:00:00,46691.788888888856
2017-03-25 13:00:00,46835.05097222216
2017-03-26 01:00:00,46809.47847222214
2017-03-26 14:00:00,47168.74291666684
2017-03-27 02:00:00,47168.41791666662
2017-03-27 14:00:00,48154.206944444435
2017-03-28 02:00:00,48166.116388888935
2017-03-28 14:00:00,49073.57194444441
2017-03-29 02:00:00,49099.449583333255
2017-03-29 14:00:00,49133.20805555551
2017-03-30 02:00:00,49046.03611111116
2017-03-30 14:00:00,49576.48680555535
2017-03-31 02:00:00,49442.72708333327
2017-03-31 14:00:00,49809.271527777804
2017-04-01 02:00:00,49621.00222222224
2017-04-01 14:00:00,49983.31763888895
2017-04-02 02:00:00,49840.23125
2017-04-02 14:00:00,49940.22291666683
2017-04-03 02:00:00,49822.789861111145
2017-04-03 14:00:00,49880.55763888892
2017-04-04 02:00:00,49642.1725
2017-04-04 14:00:00,48985.62236111106
2017-04-05 02:00:00,48571.44249999991
2017-04-05 14:00:00,49248.38152777772
2017-04-06 02:00:00,48539.711527777625
2017-04-06 14:00:00,49303.166249999915
2017-04-07 02:00:00,49156.06000000005
2017-04-07 14:00:00,49364.63791666668
2017-04-08 02:00:00,49131.054861111
2017-04-08 14:00:00,49482.668194444435
2017-04-09 02:00:00,48584.96611111103
2017-04-09 14:00:00,49294.03583333343
2017-04-10 02:00:00,48889.37986111108
2017-04-10 14:00:00,49005.99694444448
2017-04-11 02:00:00,48444.68333333332
2017-04-11 14:00:00,49226.534583333254
2017-04-12 02:00:00,48816.446388888886
2017-04-12 14:00:00,49145.71972222233
2017-04-13 02:00:00,48676.89000000005
2017-04-13 14:00:00,48819.327222222295
2017-04-14 02:00:00,48386.96791666666
2017-04-14 14:00:00,49004.048472222246
2017-04-15 02:00:00,48550.45833333332
2017-04-15 14:00:00,48446.68875000005
2017-04-16 02:00:00,48188.68958333326
2017-04-16 14:00:00,48526.5733333332
2017-04-17 02:00:00,47819.35638888884
2017-04-17 14:00:00,48289.10722222213
2017-04-18 02:00:00,47888.11277777765
2017-04-18 14:00:00,48070.25638888887
2017-04-19 02:00:00,47478.278194444465
2017-04-19 14:00:00,47860.13388888889
2017-04-20 02:00:00,47257.48708333335
2017-04-20 14:00:00,52834.0561111111
2017-04-21 02:00:00,53430.740972222244
2017-04-21 14:00:00,53500.92013888892
2017-04-22 02:00:00,52704.81236111116
2017-04-22 14:00:00,53205.655138888964
2017-04-23 02:00:00,52610.57097222222
2017-04-23 14:00:00,52967.33680555566
2017-04-24 02:00:00,52613.048194444505
2017-04-24 14:00:00,52999.731250000055
2017-04-25 02:00:00,51844.66750000002
2017-04-25 14:00:00,52528.52291666673
2017-04-26 02:00:00,51750.79208333337
2017-04-26 14:00:00,52312.02666666662
2017-04-27 02:00:00,51681.85638888887
2017-04-27 14:00:00,52450.020138888874
2017-04-28 02:00:00,52288.78124999995
2017-04-28 14:00:00,52202.212222222195
2017-04-29 02:00:00,51634.53597222222
2017-04-29 14:00:00,51997.96611111119
2017-04-30 02:00:00,51457.31708333332
2017-04-30 14:00:00,51648.87527777781
2017-05-01 02:00:00,51500.710833333294
2017-05-01 14:00:00,51888.001111111065
2017-05-02 02:00:00,51805.198611111045
2017-05-02 14:00:00,51912.17527777774
2017-05-03 02:00:00,51861.28166666666
2017-05-03 14:00:00,52018.910694444436
2017-05-04 02:00:00,51857.864722222286
2017-05-04 14:00:00,51824.05541666666
2017-05-05 02:00:00,51485.711527777894
2017-05-05 14:00:00,52090.02500000008
2017-05-06 02:00:00,51931.040833333485
2017-05-06 14:00:00,51610.885277777816
2017-05-07 02:00:00,51302.74319444444
2017-05-07 14:00:00,52192.689722222174
2017-05-08 02:00:00,51787.83875000004
2017-05-08 14:00:00,52194.65013888888
2017-05-09 02:00:00,51674.678551532015
2017-05-09 14:00:00,52407.119027777786
2017-05-10 02:00:00,51910.282777777735
2017-05-10 14:00:00,52420.06611111102
2017-05-11 02:00:00,51781.90222222222
2017-05-11 14:00:00,52357.00805555547
2017-05-12 02:00:00,52351.005694444415
2017-05-12 14:00:00,53246.15333333332
2017-05-13 02:00:00,53058.028472222264
2017-05-13 14:00:00,54895.59041666661
2017-05-14 02:00:00,54657.84875000001
2017-05-14 14:00:00,56948.58958333334
2017-05-15 02:00:00,57052.79555555549
2017-05-15 14:00:00,59454.59013888877
2017-05-16 02:00:00,59391.91347222216
2017-05-16 14:00:00,60364.926944444436
2017-05-17 02:00:00,59926.84916666665
2017-05-17 14:00:00,62869.56444444449
2017-05-18 02:00:00,64279.852222222245
2017-05-18 14:00:00,67944.81055555562
2017-05-19 02:00:00,67601.92708333343
2017-05-19 14:00:00,68733.06847222231
2017-05-20 02:00:00,67632.85124999996
2017-05-20 14:00:00,69057.15736111117
2017-05-21 02:00:00,68427.16055555549
2017-05-21 14:00:00,71034.13430555559
2017-05-22 02:00:00,70375.57069444445
2017-05-22 14:00:00,73192.58749999992
2017-05-23 02:00:00,72766.25847222215
2017-05-23 14:00:00,74801.42999999996
2017-05-24 02:00:00,73887.2033333333
2017-05-24 14:00:00,74949.9365277777
2017-05-25 02:00:00,73494.25958333332
2017-05-25 14:00:00,76098.24180555556
2017-05-26 02:00:00,75082.92944444447
2017-05-26 14:00:00,78262.81513888891
2017-05-27 02:00:00,78175.9470833334
2017-05-27 14:00:00,81426.27055555559
2017-05-28 02:00:00,80803.43013888887
2017-05-28 14:00:00,82591.29111111115
2017-05-29 02:00:00,80927.69500000008
2017-05-29 14:00:00,82145.97652777766
2017-05-30 02:00:00,81069.03416666675
2017-05-30 14:00:00,81895.86652777775
2017-05-31 02:00:00,80750.26138888887
2017-05-31 14:00:00,81155.7394993046
2017-06-01 02:00:00,80688.18694444429
2017-06-01 14:00:00,81754.59569444445
2017-06-02 02:00:00,80536.86083333334
2017-06-02 14:00:00,81864.30930555567
2017-06-03 02:00:00,80981.66222222231
2017-06-03 14:00:00,82110.1268055556
2017-06-04 02:00:00,80887.50124999997
2017-06-04 14:00:00,81346.04180555552
2017-06-05 02:00:00,80922.32055555562
2017-06-05 14:00:00,82061.66708333339
2017-06-06 02:00:00,81310.19819444441
2017-06-06 14:00:00,74668.10027777772
2017-06-07 02:00:00,72127.40958333353
2017-06-07 14:00:00,72233.7980555555
2017-06-08 02:00:00,72008.10527777781
2017-06-08 14:00:00,72026.73875
2017-06-09 02:00:00,71559.3847222222
2017-06-09 14:00:00,71240.84986111111
2017-06-10 02:00:00,71027.79097222218
2017-06-10 14:00:00,71091.82472222221
2017-06-11 02:00:00,70999.83666666683
2017-06-11 14:00:00,71098.82194444443
2017-06-12 02:00:00,71065.615138889
2017-06-12 14:00:00,70999.19416666678
2017-06-13 02:00:00,70709.09083333351
2017-06-13 14:00:00,70647.37625000007
2017-06-14 02:00:00,70354.74500000008
2017-06-14 14:00:00,70302.84791666665
2017-06-15 02:00:00,70331.93624999982
2017-06-15 14:00:00,70832.80013888881
2017-06-16 02:00:00,70972.59305555555
2017-06-16 14:00:00,71066.68791666673
2017-06-17 02:00:00,70687.61944444447
2017-06-17 14:00:00,71081.6950000001
2017-06-18 02:00:00,71526.30666666657
2017-06-18 14:00:00,72937.4480555556
2017-06-19 02:00:00,73412.24333333319
2017-06-19 14:00:00,75242.30402777778
2017-06-20 02:00:00,75940.8916550765
2017-06-20 14:00:00,76989.31916666668
2017-06-21 02:00:00,76824.8519444445
2017-06-21 14:00:00,77817.29666666678
2017-06-22 02:00:00,78644.54125000002
2017-06-22 14:00:00,80511.7754166667
2017-06-23 02:00:00,80636.3808333333
2017-06-23 14:00:00,81807.35374999992
2017-06-24 02:00:00,82019.30305555557
2017-06-24 14:00:00,83054.90694444452
2017-06-25 02:00:00,82951.23347222205
2017-06-25 14:00:00,84051.9137499998
2017-06-26 02:00:00,84186.76041666664
2017-06-26 14:00:00,85184.91763888899
2017-06-27 02:00:00,85251.36083333325
2017-06-27 14:00:00,86285.5177777778
2017-06-28 02:00:00,86968.29888888882
2017-06-28 14:00:00,89383.6268055556
2017-06-29 02:00:00,90004.17569444448
2017-06-29 14:00:00,92042.23111111118
2017-06-30 02:00:00,91447.43250000004
2017-06-30 14:00:00,91007.10458333328
2017-07-01 02:00:00,90539.902361111
2017-07-01 14:00:00,90847.1572222222
2017-07-02 02:00:00,90745.00430555557
2017-07-02 14:00:00,90458.96430555561
2017-07-03 02:00:00,90012.7883333334
2017-07-03 14:00:00,90097.67291666652
2017-07-04 02:00:00,90079.97916666664
2017-07-04 14:00:00,90016.55847222223
2017-07-05 02:00:00,89862.42208333332
2017-07-05 14:00:00,89375.32944444436
2017-07-06 02:00:00,89307.77513888896
2017-07-06 14:00:00,89118.14569444451
2017-07-07 02:00:00,89438.94319444467
2017-07-07 14:00:00,89522.26680555569
2017-07-08 02:00:00,89228.88125000012
2017-07-08 14:00:00,89131.8198611111
2017-07-09 02:00:00,88793.06051282055
2017-07-09 14:00:00,
2017-07-10 02:00:00,
2017-07-10 14:00:00,
2017-07-11 02:00:00,
2017-07-11 14:00:00,
2017-07-12 02:00:00,
2017-07-12 14:00:00,
2017-07-13 02:00:00,
2017-07-13 14:00:00,
2017-07-14 02:00:00,
2017-07-14 14:00:00,86418.85356083077
2017-07-15 02:00:00,86402.03347222219
2017-07-15 14:00:00,86915.04472222227
2017-07-16 02:00:00,86764.51249999992
2017-07-16 14:00:00,87223.11347222213
2017-07-17 02:00:00,86773.09416666673
2017-07-17 14:00:00,86547.14597222213
2017-07-18 02:00:00,86333.49902777787
2017-07-18 14:00:00,86236.75416666681
2017-07-19 02:00:00,86049.4323611112
2017-07-19 14:00:00,86116.8258333333
2017-07-20 02:00:00,86188.9912500002
2017-07-20 14:00:00,86202.26402777768
2017-07-21 02:00:00,85966.5744444444
2017-07-21 14:00:00,85670.52833333319
2017-07-22 02:00:00,85600.30750000002
2017-07-22 14:00:00,86094.50055555554
2017-07-23 02:00:00,85962.33305555566
2017-07-23 14:00:00,85849.80027777773
2017-07-24 02:00:00,85559.60333333332
2017-07-24 14:00:00,85482.99847222227
2017-07-25 02:00:00,85375.16374999992
2017-07-25 14:00:00,85256.8219444445
2017-07-26 02:00:00,85267.03513888882
2017-07-26 14:00:00,56604.73194444435
2017-07-27 02:00:00,53326.76777777792
2017-07-27 14:00:00,53181.137083333284
2017-07-28 02:00:00,52998.38124999992
2017-07-28 14:00:00,52932.696666666605
2017-07-29 02:00:00,52830.025833333486
2017-07-29 14:00:00,52826.262361111134
2017-07-30 02:00:00,52606.44986111131
2017-07-30 14:00:00,52155.57444444452
2017-07-31 02:00:00,52036.40708333311
2017-07-31 14:00:00,51882.07083333338
2017-08-01 02:00:00,51801.20584144639
2017-08-01 14:00:00,51938.99194444446
2017-08-02 02:00:00,51792.638055555515
2017-08-02 14:00:00,51633.27625000009
2017-08-03 02:00:00,51544.28333333326
2017-08-03 14:00:00,51544.876527777735
2017-08-04 02:00:00,51412.883611110934
2017-08-04 14:00:00,51354.43972222213
2017-08-05 02:00:00,51243.60444444438
2017-08-05 14:00:00,51002.7447222221
2017-08-06 02:00:00,50920.29611111106
2017-08-06 14:00:00,57398.767638888916
2017-08-07 02:00:00,58576.97986111098
2017-08-07 14:00:00,57800.72180555553
2017-08-08 02:00:00,56956.07111111121
2017-08-08 14:00:00,56269.8976388888
2017-08-09 02:00:00,55890.76027777759
2017-08-09 14:00:00,55541.398888888885
2017-08-10 02:00:00,55481.81791666667
2017-08-10 14:00:00,55969.49625000002
2017-08-11 02:00:00,55878.47083333329
2017-08-11 14:00:00,55942.04374999984
2017-08-12 02:00:00,55766.655
2017-08-12 14:00:00,55735.6504166669
2017-08-13 02:00:00,55510.40180555544
2017-08-13 14:00:00,55198.381249999904
2017-08-14 02:00:00,54961.37277777772
2017-08-14 14:00:00,54876.75708333335
2017-08-15 02:00:00,54828.08291666651
2017-08-15 14:00:00,54755.413888888914
2017-08-16 02:00:00,54698.38194444445
2017-08-16 14:00:00,54570.156249999745
2017-08-17 02:00:00,54507.74791666661
2017-08-17 14:00:00,54675.812500000065
2017-08-18 02:00:00,54746.32333333339
2017-08-18 14:00:00,54994.826527777775
2017-08-19 02:00:00,54747.42433936024
2017-08-19 14:00:00,54644.18333333338
2017-08-20 02:00:00,54474.82333333336
2017-08-20 14:00:00,54674.83361111117
2017-08-21 02:00:00,54624.704166666765
2017-08-21 14:00:00,54617.525694444514
2017-08-22 02:00:00,54421.700833333234
2017-08-22 14:00:00,53546.54319444436
2017-08-23 02:00:00,53246.156527777865
2017-08-23 14:00:00,52848.183333333385
2017-08-24 02:00:00,53027.95138888884
2017-08-24 14:00:00,52998.662916666726
2017-08-25 02:00:00,52967.837777777815
2017-08-25 14:00:00,52908.72194444454
2017-08-26 02:00:00,52761.80277777789
2017-08-26 14:00:00,52962.50972222219
2017-08-27 02:00:00,52926.129305555565
2017-08-27 14:00:00,53046.05722222222
2017-08-28 02:00:00,52993.400555555716
2017-08-28 14:00:00,53218.669305555566
2017-08-29 02:00:00,53060.90736111122
2017-08-29 14:00:00,53137.81125000004
2017-08-30 02:00:00,53086.53944444437
2017-08-30 14:00:00,53292.313333333565
2017-08-31 02:00:00,53238.94847222211
2017-08-31 14:00:00,53092.389583333425
2017-09-01 02:00:00,53123.832222222234
2017-09-01 14:00:00,53127.85805555559
2017-09-02 02:00:00,53070.87874999998
2017-09-02 14:00:00,53081.487222222284
2017-09-03 02:00:00,52952.64847222201
2017-09-03 14:00:00,52904.870833333356
2017-09-04 02:00:00,52807.62916666662
2017-09-04 14:00:00,52971.602638888864
2017-09-05 02:00:00,52910.218611111115
2017-09-05 14:00:00,53113.50611111129
2017-09-06 02:00:00,52996.53472222208
2017-09-06 14:00:00,58110.09194444457
2017-09-07 02:00:00,59349.06787204449
2017-09-07 14:00:00,59488.56069444442
2017-09-08 02:00:00,59222.679444444606
2017-09-08 14:00:00,59309.792638889005
2017-09-09 02:00:00,59180.48736111102
2017-09-09 14:00:00,59134.649444444476
2017-09-10 02:00:00,58778.1419444444
2017-09-10 14:00:00,58633.878055555564
2017-09-11 02:00:00,58500.7086111112
2017-09-11 14:00:00,58438.772777777755
2017-09-12 02:00:00,58290.232777777725
2017-09-12 14:00:00,58198.915694444295
2017-09-13 02:00:00,58012.76652777785
2017-09-13 14:00:00,58102.72958333338
2017-09-14 02:00:00,57954.43208333352
2017-09-14 14:00:00,57715.3333333333
2017-09-15 02:00:00,57615.569861111086
2017-09-15 14:00:00,57548.763194444255
2017-09-16 02:00:00,57247.46000000001
2017-09-16 14:00:00,57321.96611111116
2017-09-17 02:00:00,57176.034444444245
2017-09-17 14:00:00,57234.25805555548
2017-09-18 02:00:00,57089.34833333334
2017-09-18 14:00:00,58014.28428372746
2017-09-19 02:00:00,58063.092361111085
2017-09-19 14:00:00,58176.57555555543
2017-09-20 02:00:00,57952.612638888975
2017-09-20 14:00:00,57934.08208333324
2017-09-21 02:00:00,57690.6470833333
2017-09-21 14:00:00,57669.60013888896
2017-09-22 02:00:00,57362.40486111112
2017-09-22 14:00:00,57387.86347222223
2017-09-23 02:00:00,57153.027638888656
2017-09-23 14:00:00,57164.775694444324
2017-09-24 02:00:00,56950.04611111095
2017-09-24 14:00:00,56929.23972222221
2017-09-25 02:00:00,56706.26194444444
2017-09-25 14:00:00,56632.01152777775
2017-09-26 02:00:00,56429.64625
2017-09-26 14:00:00,56462.59944444444
2017-09-27 02:00:00,56216.28375000012
2017-09-27 14:00:00,56240.22263888875
2017-09-28 02:00:00,55980.86305555552
2017-09-28 14:00:00,59296.8652777776
2017-09-29 02:00:00,60608.09680555555
2017-09-29 14:00:00,60587.758472222245
2017-09-30 02:00:00,60353.542916666745
2017-09-30 14:00:00,60442.187777777894
2017-10-01 02:00:00,60250.40736111113
2017-10-01 14:00:00,60280.40916666673
2017-10-02 02:00:00,60165.818611111004
2017-10-02 14:00:00,60249.73833333324
2017-10-03 02:00:00,60085.19166666674
2017-10-03 14:00:00,60116.947083333136
2017-10-04 02:00:00,60012.71763888891
2017-10-04 14:00:00,60027.130833333205
2017-10-05 02:00:00,59991.123472222374
2017-10-05 14:00:00,59963.03486111108
2017-10-06 02:00:00,59995.208055555624
2017-10-06 14:00:00,59855.353888888894
2017-10-07 02:00:00,59762.88819444441
2017-10-07 14:00:00,59885.453888888835
2017-10-08 02:00:00,59727.124722222215
2017-10-08 14:00:00,59620.47611111115
2017-10-09 02:00:00,59412.33597222222
2017-10-09 14:00:00,59685.51986111105
2017-10-10 02:00:00,59613.13513888894
2017-10-10 14:00:00,59756.63069444447
2017-10-11 02:00:00,59695.15569444443
2017-10-11 14:00:00,59684.07361111117
2017-10-12 02:00:00,59469.625555555576
2017-10-12 14:00:00,59525.645555555326
2017-10-13 02:00:00,59476.47162726011
2017-10-13 14:00:00,59526.82847222207
2017-10-14 02:00:00,59531.92291666661
2017-10-14 14:00:00,59513.81499999997
2017-10-15 02:00:00,59333.70625000004
2017-10-15 14:00:00,59342.6016666667
2017-10-16 02:00:00,59117.359305555525
2017-10-16 14:00:00,59276.072638889
2017-10-17 02:00:00,59059.698472222146
2017-10-17 14:00:00,58787.80541666669
2017-10-18 02:00:00,58582.201111111055
2017-10-18 14:00:00,58618.33749999992
2017-10-19 02:00:00,58553.58291666673
2017-10-19 14:00:00,58573.79124999997
2017-10-20 02:00:00,58383.7013888889
2017-10-20 14:00:00,58554.503194444274
2017-10-21 02:00:00,58382.85569444449
2017-10-21 14:00:00,58541.81027777767
2017-10-22 02:00:00,58413.929305555495
2017-10-22 14:00:00,58463.30236111111
2017-10-23 02:00:00,58326.20486111098
2017-10-23 14:00:00,58446.456944444464
2017-10-24 02:00:00,58331.285138889056
2017-10-24 14:00:00,58442.779027777666
2017-10-25 02:00:00,58418.885694444725
2017-10-25 14:00:00,58192.894027777904
2017-10-26 02:00:00,58092.62611111122
2017-10-26 14:00:00,58196.41541666675
2017-10-27 02:00:00,58041.346388888924
2017-10-27 14:00:00,58029.26916666666
2017-10-28 02:00:00,58014.40791666673
2017-10-28 14:00:00,58115.674999999974
2017-10-29 02:00:00,57872.3543055555
2017-10-29 13:00:00,57885.76458333327
2017-10-30 01:00:00,57634.37013888916
2017-10-30 13:00:00,57846.442777777644
2017-10-31 01:00:00,57878.03569444441
2017-10-31 13:00:00,57971.71166666659
2017-11-01 01:00:00,57980.208333333474
2017-11-01 13:00:00,57933.120000000075
2017-11-02 01:00:00,57743.59444444437
2017-11-02 13:00:00,57829.97777777782
2017-11-03 01:00:00,57724.75652777776
2017-11-03 13:00:00,57853.313055555576
2017-11-04 01:00:00,57755.70319444434
2017-11-04 13:00:00,57765.74027777782
2017-11-05 01:00:00,57785.570555555496
2017-11-05 13:00:00,57586.771249999954
2017-11-06 01:00:00,57370.73708333327
2017-11-06 13:00:00,52705.09069444448
2017-11-07 01:00:00,51313.807777777765
2017-11-07 13:00:00,51603.810138888875
2017-11-08 01:00:00,51700.59430555561
2017-11-08 13:00:00,51702.55194444445
2017-11-09 01:00:00,51530.8519444444
2017-11-09 13:00:00,51607.304027777776
2017-11-10 01:00:00,51660.31888888884
2017-11-10 13:00:00,51492.528888889006
2017-11-11 01:00:00,51455.38111111137
2017-11-11 13:00:00,51556.13486111111
2017-11-12 01:00:00,51387.65416666672
2017-11-12 13:00:00,51670.32999999984
2017-11-13 01:00:00,51392.531111111035
2017-11-13 13:00:00,51428.394019471525
2017-11-14 01:00:00,51184.955972222146
2017-11-14 13:00:00,51678.80111111108
2017-11-15 01:00:00,51633.54777777784
2017-11-15 13:00:00,51552.214583333465
2017-11-16 01:00:00,51494.77694444441
2017-11-16 13:00:00,51579.200416666696
2017-11-17 01:00:00,51445.24027777794
2017-11-17 13:00:00,51462.12638888894
2017-11-18 01:00:00,51273.53402777795
2017-11-18 13:00:00,51287.54236111121
2017-11-19 01:00:00,51321.97847222228
2017-11-19 13:00:00,51351.17875000023
2017-11-20 01:00:00,51315.648611111064
2017-11-20 13:00:00,51467.6922222222
2017-11-21 01:00:00,51337.66527777795
2017-11-21 13:00:00,51412.43472222226
2017-11-22 01:00:00,51453.5816666667
2017-11-22 13:00:00,51433.81902777781
2017-11-23 01:00:00,51291.32833333329
2017-11-23 13:00:00,51410.35749999996
2017-11-24 01:00:00,51181.003472222255
2017-11-24 13:00:00,51358.09597222237
2017-11-25 01:00:00,51190.94083333335
2017-11-25 13:00:00,51157.61069444447
2017-11-26 01:00:00,51081.93805555557
2017-11-26 13:00:00,51395.338611111125
2017-11-27 01:00:00,51180.67972222196
2017-11-27 13:00:00,51291.20166666661
2017-11-28 01:00:00,51259.39041666674
2017-11-28 13:00:00,51186.064722222196
2017-11-29 01:00:00,51089.567083333415
2017-11-29 13:00:00,51098.04666666666
2017-11-30 01:00:00,50992.32680555562
2017-11-30 13:00:00,51132.24777777769
2017-12-01 01:00:00,51043.795555555575
2017-12-01 13:00:00,51155.83958333343
2017-12-02 01:00:00,50903.891944444535
2017-12-02 13:00:00,50965.923194444345
2017-12-03 01:00:00,50901.318472222316
2017-12-03 13:00:00,51271.69124999998
2017-12-04 01:00:00,51097.352638888806
2017-12-04 13:00:00,51114.43541666657
2017-12-05 01:00:00,51233.93305555555
2017-12-05 13:00:00,51168.10486111116
2017-12-06 01:00:00,51002.10375000009
2017-12-06 13:00:00,51242.96541666666
2017-12-07 01:00:00,51095.4408333333
2017-12-07 13:00:00,51158.74041666664
2017-12-08 01:00:00,51066.887499999786
2017-12-08 13:00:00,50777.381111111165
2017-12-09 01:00:00,50889.368611111175
2017-12-09 13:00:00,50964.39402777769
2017-12-10 01:00:00,50751.14555555562
2017-12-10 13:00:00,50626.31249999997
2017-12-11 01:00:00,50770.08083333332
2017-12-11 13:00:00,50929.514722222266
2017-12-12 01:00:00,51020.21833333338
2017-12-12 13:00:00,50989.24791666675
2017-12-13 01:00:00,50879.14361111117
2017-12-13 13:00:00,50956.07125000002
2017-12-14 01:00:00,50991.038611111064
2017-12-14 13:00:00,50989.912361111135
2017-12-15 01:00:00,50959.018055555534
2017-12-15 13:00:00,51067.14624999974
2017-12-16 01:00:00,51036.892361111066
2017-12-16 13:00:00,50885.633055555525
2017-12-17 01:00:00,50752.30500000002
2017-12-17 13:00:00,50841.428611111194
2017-12-18 01:00:00,50841.035555555536
2017-12-18 13:00:00,50845.89361111118
2017-12-19 01:00:00,50967.58166666648
2017-12-19 13:00:00,51005.175694444435
2017-12-20 01:00:00,50972.53708333329
2017-12-20 13:00:00,51039.6409722223
2017-12-21 01:00:00,50996.84222222224
2017-12-21 13:00:00,50927.393472222146
2017-12-22 01:00:00,50965.841388888985
2017-12-22 13:00:00,50910.573055555506
2017-12-23 01:00:00,50888.96597222208
2017-12-23 13:00:00,51058.942638888875
2017-12-24 01:00:00,51062.981805555515
2017-12-24 13:00:00,51075.32611111106
2017-12-25 01:00:00,51057.19791666659
2017-12-25 13:00:00,50952.18111111113
2017-12-26 01:00:00,50673.474444444364
2017-12-26 13:00:00,50818.960972222034
2017-12-27 01:00:00,50595.721805555666
2017-12-27 13:00:00,50945.80402777745
2017-12-28 01:00:00,50826.03374999997
2017-12-28 13:00:00,50856.79777777768
2017-12-29 01:00:00,50755.543333333386
2017-12-29 13:00:00,50734.118750000016
2017-12-30 01:00:00,50756.690972222204
2017-12-30 13:00:00,50772.76819444432
2017-12-31 01:00:00,50747.26944444432
2017-12-31 13:00:00,50885.026286509245
2018-01-01 01:00:00,50651.666111111124
2018-01-01 13:00:00,50726.30097222213
2018-01-02 01:00:00,50630.88986111126
2018-01-02 13:00:00,50751.66263888884
2018-01-03 01:00:00,50607.14555555551
2018-01-03 13:00:00,50660.57486111106
2018-01-04 01:00:00,50741.76569444442
2018-01-04 13:00:00,50780.883194444425
2018-01-05 01:00:00,50705.968194444504
2018-01-05 13:00:00,50789.488611111105
2018-01-06 01:00:00,50677.55930555553
2018-01-06 13:00:00,50557.54569444448
2018-01-07 01:00:00,50442.02583333333
2018-01-07 13:00:00,50372.479861111016
2018-01-08 01:00:00,50231.83833333328
2018-01-08 13:00:00,50533.58444444462
2018-01-09 01:00:00,50583.93180555569
2018-01-09 13:00:00,50665.26375000004
2018-01-10 01:00:00,50616.488611111185
2018-01-10 13:00:00,50592.14624999991
2018-01-11 01:00:00,50504.182083333304
2018-01-11 13:00:00,50738.68083333336
2018-01-12 01:00:00,50538.511805555565
2018-01-12 13:00:00,50644.11166666666
2018-01-13 01:00:00,50576.27819444453
2018-01-13 13:00:00,50480.70625000015
2018-01-14 01:00:00,50508.96375000002
2018-01-14 13:00:00,50482.86777777784
2018-01-15 01:00:00,50448.073055555775
2018-01-15 13:00:00,50696.45319444445
2018-01-16 01:00:00,50655.18583333343
2018-01-16 13:00:00,50516.12902777777
2018-01-17 01:00:00,50479.36750000004
2018-01-17 13:00:00,50545.33583333324
2018-01-18 01:00:00,50502.81055555549
2018-01-18 13:00:00,50452.49472222231
2018-01-19 01:00:00,50568.59333333341
2018-01-19 13:00:00,50651.366111111085
2018-01-20 01:00:00,50533.0333333334
2018-01-20 13:00:00,50665.23138888892
2018-01-21 01:00:00,50491.492777777865
2018-01-21 13:00:00,50411.43875000004
2018-01-22 01:00:00,50461.34000000005
2018-01-22 13:00:00,50610.59652777789
2018-01-23 01:00:00,50620.78263888888
2018-01-23 13:00:00,50644.579027777734
2018-01-24 01:00:00,50685.75888888876
2018-01-24 13:00:00,50711.63930555557
2018-01-25 01:00:00,50443.97541666668
2018-01-25 13:00:00,50535.56111111117
2018-01-26 01:00:00,50452.97680555566
2018-01-26 13:00:00,50532.404166666725
2018-01-27 01:00:00,50372.54375000001
2018-01-27 13:00:00,50520.862916666716
2018-01-28 01:00:00,50533.644166666534
2018-01-28 13:00:00,50642.815277777816
2018-01-29 01:00:00,50623.68319444441
2018-01-29 13:00:00,50415.42472222222
2018-01-30 01:00:00,50406.33291666682
2018-01-30 13:00:00,50468.75916666665
2018-01-31 01:00:00,50347.48000000002
2018-01-31 13:00:00,50435.99902777785
2018-02-01 01:00:00,50290.15472222218
2018-02-01 13:00:00,50482.13791666677
2018-02-02 01:00:00,50423.33444444453
2018-02-02 13:00:00,50182.962777777575
2018-02-03 01:00:00,49800.57499999998
2018-02-03 13:00:00,49946.500277777785
2018-02-04 01:00:00,49897.02833333339
2018-02-04 13:00:00,50096.83736111118
2018-02-05 01:00:00,49990.26847222226
2018-02-05 13:00:00,49859.73916666672
2018-02-06 01:00:00,49654.81597222231
2018-02-06 13:00:00,49743.16166666677
2018-02-07 01:00:00,49525.91597222224
2018-02-07 13:00:00,49776.18555555568
2018-02-08 01:00:00,49564.30819444449
2018-02-08 13:00:00,49785.80541666684
2018-02-09 01:00:00,49642.31833333344
2018-02-09 13:00:00,49830.61791666684
2018-02-10 01:00:00,49648.90625000005
2018-02-10 13:00:00,49898.45638888903
2018-02-11 01:00:00,49815.38083333349
2018-02-11 13:00:00,49943.70708333335
2018-02-12 01:00:00,49808.77152777781
2018-02-12 13:00:00,49839.24763888896
2018-02-13 01:00:00,49731.02750000024
2018-02-13 13:00:00,49767.23333333329
2018-02-14 01:00:00,49584.84277777773
2018-02-14 13:00:00,49793.36125000001
2018-02-15 01:00:00,49683.72819444443
2018-02-15 13:00:00,49782.5262500001
2018-02-16 01:00:00,49814.700000000055
2018-02-16 13:00:00,49807.60194444437
2018-02-17 01:00:00,49712.09791666668
2018-02-17 13:00:00,49817.144999999895
2018-02-18 01:00:00,49691.189027777844
2018-02-18 13:00:00,49783.47250000003
2018-02-19 01:00:00,49624.04069444441
2018-02-19 13:00:00,49758.06083333328
2018-02-20 01:00:00,49543.22652777792
2018-02-20 13:00:00,49683.396527777695
2018-02-21 01:00:00,49509.31319444459
2018-02-21 13:00:00,49643.33999999995
2018-02-22 01:00:00,49610.48208333338
2018-02-22 13:00:00,49675.350555555626
2018-02-23 01:00:00,49503.0472222223
2018-02-23 13:00:00,49593.6590277778
2018-02-24 01:00:00,49679.70166666667
2018-02-24 13:00:00,49556.516250000066
2018-02-25 01:00:00,49360.618333333485
2018-02-25 13:00:00,49506.44305555584
2018-02-26 01:00:00,49372.981666666696
2018-02-26 13:00:00,49465.65888888897
2018-02-27 01:00:00,49349.97472222224
2018-02-27 13:00:00,49198.074305555514
2018-02-28 01:00:00,49006.18874999993
2018-02-28 13:00:00,49260.49222222218
2018-03-01 01:00:00,49264.20708333329
2018-03-01 13:00:00,49291.8666666666
2018-03-02 01:00:00,49097.73236111112
2018-03-02 13:00:00,49225.050555555536
2018-03-03 01:00:00,49139.95861111097
2018-03-03 13:00:00,49309.391388888864
2018-03-04 01:00:00,49199.93041666663
2018-03-04 13:00:00,49443.80861111121
2018-03-05 01:00:00,49420.07972222243
2018-03-05 13:00:00,49404.06263888883
2018-03-06 01:00:00,49246.57999999998
2018-03-06 13:00:00,49365.07013888888
2018-03-07 01:00:00,49352.60333333339
2018-03-07 13:00:00,49401.13527777785
2018-03-08 01:00:00,49390.4620833334
2018-03-08 13:00:00,49409.423472222195
2018-03-09 01:00:00,49372.886805555594
2018-03-09 13:00:00,49380.77625000006
2018-03-10 01:00:00,49389.48861111119
2018-03-10 13:00:00,49441.418472222125
2018-03-11 01:00:00,49429.616527777864
2018-03-11 13:00:00,49464.947361111146
2018-03-12 01:00:00,49360.81194444443
2018-03-12 13:00:00,49444.50055555561
2018-03-13 01:00:00,49363.91736111108
2018-03-13 13:00:00,49324.178472222266
2018-03-14 01:00:00,49317.511250000185
2018-03-14 13:00:00,49354.24999999999
2018-03-15 01:00:00,49318.04708333329
2018-03-15 13:00:00,49274.981944444466
2018-03-16 01:00:00,49230.31583333334
2018-03-16 13:00:00,49129.279861110925
2018-03-17 01:00:00,49118.762222222125
2018-03-17 13:00:00,49158.73458333304
2018-03-18 01:00:00,49046.202500000065
2018-03-18 13:00:00,49072.88597222202
2018-03-19 01:00:00,48993.586944444425
2018-03-19 13:00:00,49130.32208333336
2018-03-20 01:00:00,49114.39291666661
2018-03-20 13:00:00,49091.10416666663
2018-03-21 01:00:00,48917.135277777634
2018-03-21 13:00:00,49106.68458333335
2018-03-22 01:00:00,49061.341388888846
2018-03-22 13:00:00,49142.480138888866
2018-03-23 01:00:00,49073.87097222214
2018-03-23 13:00:00,49143.2845833333
2018-03-24 01:00:00,49067.18944444446
2018-03-24 13:00:00,49162.53111111118
2018-03-25 01:00:00,49044.200972222265
2018-03-25 14:00:00,49143.62833333333
2018-03-26 02:00:00,48987.38902777784
2018-03-26 14:00:00,49073.29430555553
2018-03-27 02:00:00,49007.60458333329
2018-03-27 14:00:00,49078.04805555554
2018-03-28 02:00:00,48980.25
2018-03-28 14:00:00,48988.3077777778
2018-03-29 02:00:00,48980.673296244815
2018-03-29 14:00:00,48988.75000000002
2018-03-30 02:00:00,48934.99319444443
2018-03-30 14:00:00,48981.95513888881
2018-03-31 02:00:00,48956.46944444445
2018-03-31 14:00:00,48929.21388888897
2018-04-01 02:00:00,49012.08249999997
2018-04-01 14:00:00,48989.86541666665
2018-04-02 02:00:00,48911.35472222225
2018-04-02 14:00:00,49001.43791666666
2018-04-03 02:00:00,48994.94513888882
2018-04-03 14:00:00,49037.27569444441
2018-04-04 02:00:00,48962.73416666655
2018-04-04 14:00:00,48894.565000000184
2018-04-05 02:00:00,48871.44555555554
2018-04-05 14:00:00,48840.84055555545
2018-04-06 02:00:00,48868.186111111136
2018-04-06 14:00:00,48785.207222222176
2018-04-07 02:00:00,48777.833194444494
2018-04-07 14:00:00,48686.40000000003
2018-04-08 02:00:00,48674.1833333333
2018-04-08 14:00:00,48572.8244444445
2018-04-09 02:00:00,48545.6683333333
2018-04-09 14:00:00,48518.29791666658
2018-04-10 02:00:00,48450.79000000001
2018-04-10 14:00:00,48592.45208333329
2018-04-11 02:00:00,48600.18180555541
2018-04-11 14:00:00,48538.42833333327
2018-04-12 02:00:00,48568.182638888866
2018-04-12 14:00:00,48973.994305555534
2018-04-13 02:00:00,49222.032361111145
2018-04-13 14:00:00,49182.31472222224
2018-04-14 02:00:00,49369.01847222223
2018-04-14 14:00:00,49245.739861111084
2018-04-15 02:00:00,49276.345138888966
2018-04-15 14:00:00,49223.7827777779
2018-04-16 02:00:00,49198.10583333338
2018-04-16 14:00:00,49253.540277777785
2018-04-17 02:00:00,49164.865972222186
2018-04-17 14:00:00,49091.431805555534
2018-04-18 02:00:00,49007.2699999999
2018-04-18 14:00:00,49059.91502086227
2018-04-19 02:00:00,48966.99736111106
2018-04-19 14:00:00,48930.771805555625
2018-04-20 02:00:00,48917.483472222215
2018-04-20 14:00:00,48884.61708333351
2018-04-21 02:00:00,48692.11694444456
2018-04-21 14:00:00,48768.81041666657
2018-04-22 02:00:00,48611.347777777824
2018-04-22 14:00:00,48807.38152777792
2018-04-23 02:00:00,48783.57763888902
2018-04-23 14:00:00,48767.53166666673
2018-04-24 02:00:00,48690.756111111295
2018-04-24 14:00:00,48779.337638889054
2018-04-25 02:00:00,48747.162500000246
2018-04-25 14:00:00,48711.50111111127
2018-04-26 02:00:00,48690.12916666666
2018-04-26 14:00:00,48770.66458333338
2018-04-27 02:00:00,48657.81083333341
2018-04-27 14:00:00,48778.57194444457
2018-04-28 02:00:00,48589.73967391297
2018-04-28 14:00:00,-170.60646404494327
2018-04-29 02:00:00,-172.44440027777765
2018-04-29 14:00:00,-167.09500000000025
2018-04-30 02:00:00,2431.756822222225
2018-04-30 14:00:00,4646.914361111108
2018-05-01 02:00:00,4194.3249583333345
2018-05-01 14:00:00,4198.275249999996
2018-05-02 02:00:00,4006.816263888894
2018-05-02 14:00:00,4323.466986111113
2018-05-03 02:00:00,4177.8679305555615
2018-05-03 14:00:00,4713.258069444456
2018-05-04 02:00:00,4440.3576216968095
2018-05-04 14:00:00,5193.072944444446
2018-05-05 02:00:00,5143.363277777784
2018-05-05 14:00:00,6481.551402777788
2018-05-06 02:00:00,6621.282333333327
2018-05-06 14:00:00,8455.211333333336
2018-05-07 02:00:00,8715.875250000025
2018-05-07 14:00:00,10241.939513888863
2018-05-08 02:00:00,10696.25783333334
2018-05-08 14:00:00,11964.100972222219
2018-05-09 02:00:00,12073.85180555557
2018-05-09 14:00:00,13409.056805555574
2018-05-10 02:00:00,13631.445694444443
2018-05-10 14:00:00,14443.871111111108
2018-05-11 02:00:00,14466.304027777749
2018-05-11 14:00:00,15417.454999999994
2018-05-12 02:00:00,15398.68138888887
2018-05-12 14:00:00,16507.298611111102
2018-05-13 02:00:00,16582.41930555557
2018-05-13 14:00:00,17988.695416666644
2018-05-14 02:00:00,18034.5852222222
2018-05-14 14:00:00,19674.965972222213
2018-05-15 02:00:00,19703.105555555532
2018-05-15 14:00:00,21166.38361111109
2018-05-16 02:00:00,20926.67540716611
2018-05-16 14:00:00,35.992962235649514
2018-05-17 02:00:00,-101.54377805555552
2018-05-17 14:00:00,453.1953801249984
2018-05-18 02:00:00,368.7557242916668
2018-05-18 14:00:00,1228.0782833333335
2018-05-19 02:00:00,970.3293805555548
2018-05-19 14:00:00,1812.0955097222245
2018-05-20 02:00:00,1696.4846111111112
2018-05-20 14:00:00,2743.790027777778
2018-05-21 02:00:00,2666.4807638888915
2018-05-21 14:00:00,4545.932736111122
2018-05-22 02:00:00,4615.038249999996
2018-05-22 14:00:00,6840.742638888871
2018-05-23 02:00:00,6752.285125000001
2018-05-23 14:00:00,9308.007361111102
2018-05-24 02:00:00,8994.65500000001
2018-05-24 14:00:00,11099.568333333347
2018-05-25 02:00:00,10832.95486111111
2018-05-25 14:00:00,12488.74055555556
2018-05-26 02:00:00,12258.228611111115
2018-05-26 14:00:00,14040.713472222229
2018-05-27 02:00:00,13707.10527777781
2018-05-27 14:00:00,15022.759999999991
2018-05-28 02:00:00,14459.487777777777
2018-05-28 14:00:00,16083.39109874826
2018-05-29 02:00:00,16020.592777777789
2018-05-29 14:00:00,17290.878194444456
2018-05-30 02:00:00,16977.355138888917
2018-05-30 14:00:00,18238.44861111108
2018-05-31 02:00:00,17990.224722222232
2018-05-31 14:00:00,18802.252083333315
2018-06-01 02:00:00,18541.32805555555
2018-06-01 14:00:00,19610.741388888844
2018-06-02 02:00:00,19256.79486111111
2018-06-02 14:00:00,20655.65527777778
2018-06-03 02:00:00,20301.29152777779
2018-06-03 14:00:00,21169.488194444475
2018-06-04 02:00:00,20438.16249999999
2018-06-04 14:00:00,21253.9597222222
2018-06-05 02:00:00,20351.685138888908
2018-06-05 14:00:00,20791.131111111084
2018-06-06 02:00:00,20264.27486111113
2018-06-06 14:00:00,20753.794861111124
2018-06-07 02:00:00,20371.470277777797
2018-06-07 14:00:00,20651.25222222224
2018-06-08 02:00:00,20413.384700973573
2018-06-08 14:00:00,21648.9056944444
2018-06-09 02:00:00,21534.116805555564
2018-06-09 14:00:00,23312.490555555567
2018-06-10 02:00:00,22957.475972222262
2018-06-10 14:00:00,24101.112222222248
2018-06-11 02:00:00,23187.173055555584
2018-06-11 14:00:00,24119.932222222207
2018-06-12 02:00:00,23257.87055555553
2018-06-12 14:00:00,24396.307222222247
2018-06-13 02:00:00,23708.55791666669
2018-06-13 14:00:00,25024.75458333342
2018-06-14 02:00:00,24354.669861111124
2018-06-14 14:00:00,25609.459166666664
2018-06-15 02:00:00,25348.841249999972
2018-06-15 14:00:00,5704.145810277773
2018-06-16 02:00:00,-157.49093458333303
2018-06-16 14:00:00,-143.3769904166668
2018-06-17 02:00:00,-157.63258999999982
2018-06-17 14:00:00,-149.6195975000005
2018-06-18 02:00:00,-162.11588611111043
2018-06-18 14:00:00,-147.43117916666702
2018-06-19 02:00:00,-158.06663713490906
2018-06-19 14:00:00,-146.24605861111147
2018-06-20 02:00:00,-163.08332597222173
2018-06-20 14:00:00,-126.30533208333358
2018-06-21 02:00:00,-159.7182437500004
2018-06-21 14:00:00,-171.86189527777734
2018-06-22 02:00:00,-171.30790277777822
2018-06-22 14:00:00,-153.64948944444484
2018-06-23 02:00:00,-172.27253194444472
2018-06-23 14:00:00,-163.45858458333382
2018-06-24 02:00:00,-171.77524569444418
2018-06-24 14:00:00,-161.27267125000031
2018-06-25 02:00:00,-171.9304402777775
2018-06-25 14:00:00,-153.29285250000055
2018-06-26 02:00:00,-163.23282861111102
2018-06-26 14:00:00,-135.2872368055558
2018-06-27 02:00:00,-154.08083486111056
2018-06-27 14:00:00,-137.19772027777807
2018-06-28 02:00:00,-151.88700569444373
2018-06-28 14:00:00,-133.5010929166671
2018-06-29 02:00:00,-155.787439305555
2018-06-29 14:00:00,-132.05499958333343
2018-06-30 02:00:00,-162.00853490959628
2018-06-30 14:00:00,-137.79219583333372
2018-07-01 02:00:00,-164.99176805555547
2018-07-01 14:00:00,-143.98746652777808
2018-07-02 02:00:00,-168.37628763888873
2018-07-02 14:00:00,56708.67211375013
2018-07-03 02:00:00,64031.014722222295
2018-07-03 14:00:00,64503.13666666668
2018-07-04 02:00:00,64329.10236111109
2018-07-04 14:00:00,64964.777916666746
2018-07-05 02:00:00,65071.12805555543
2018-07-05 14:00:00,65987.34194444452
2018-07-06 02:00:00,65709.35361111106
2018-07-06 14:00:00,65873.70027777762
2018-07-07 02:00:00,65619.0169444446
2018-07-07 14:00:00,65958.57819444439
2018-07-08 02:00:00,65798.83013888892
2018-07-08 14:00:00,66119.23624999983
2018-07-09 02:00:00,66024.40861111108
2018-07-09 14:00:00,66736.49888888889
2018-07-10 02:00:00,66536.65999999981
2018-07-10 14:00:00,66917.51098748251
2018-07-11 02:00:00,66715.41111111111
2018-07-11 14:00:00,66764.16152777777
2018-07-12 02:00:00,66566.81986111111
2018-07-12 14:00:00,66204.9066666666
2018-07-13 02:00:00,65837.97777777784
2018-07-13 14:00:00,65910.30361111116
2018-07-14 02:00:00,65777.90263888893
2018-07-14 14:00:00,66190.46555555554
2018-07-15 02:00:00,65898.1108333334
2018-07-15 14:00:00,66301.71319444463
2018-07-16 02:00:00,66252.17124999987
2018-07-16 14:00:00,66680.37513888888
2018-07-17 02:00:00,66748.92055555544
2018-07-17 14:00:00,67266.96277777787
2018-07-18 02:00:00,67041.8559722221
2018-07-18 14:00:00,67509.66791666653
2018-07-19 02:00:00,67429.33055555557
2018-07-19 14:00:00,67836.80708333317
2018-07-20 02:00:00,67686.90986111095
2018-07-20 14:00:00,68099.89179415867
2018-07-21 02:00:00,68094.66624999997
2018-07-21 14:00:00,68632.01944444452
2018-07-22 02:00:00,68400.44972222231
2018-07-22 14:00:00,68826.38319444432
2018-07-23 02:00:00,69132.81166666656
2018-07-23 14:00:00,69852.87638888872
2018-07-24 02:00:00,70176.642361111
2018-07-24 14:00:00,70610.7413888888
2018-07-25 02:00:00,70764.22847222224
2018-07-25 14:00:00,71115.05347222209
2018-07-26 02:00:00,71235.3668055555
2018-07-26 14:00:00,71664.90486111102
2018-07-27 02:00:00,71638.63624999997
2018-07-27 14:00:00,72031.81777777779
2018-07-28 02:00:00,72020.62791666681
2018-07-28 14:00:00,72060.46583333338
2018-07-29 02:00:00,71868.74902777799
2018-07-29 14:00:00,71995.94840055639
2018-07-30 02:00:00,71743.80847222224
2018-07-30 14:00:00,71955.71125
2018-07-31 02:00:00,71608.74319444444
2018-07-31 14:00:00,71807.76527777781
2018-08-01 02:00:00,71381.8995833331
2018-08-01 14:00:00,71490.99222222232
2018-08-02 02:00:00,71206.41736111097
2018-08-02 14:00:00,71437.24750000008
2018-08-03 02:00:00,71114.53888888903
2018-08-03 14:00:00,71435.16527777776
2018-08-04 02:00:00,71131.79305555573
2018-08-04 14:00:00,71400.54111111109
2018-08-05 02:00:00,71123.18819444455
2018-08-05 14:00:00,71193.71736111125
2018-08-06 02:00:00,71023.67416666666
2018-08-06 14:00:00,71090.10375000008
2018-08-07 02:00:00,70762.72781641164
2018-08-07 14:00:00,70906.35597222242
2018-08-08 02:00:00,70563.66083333339
2018-08-08 14:00:00,70934.25472222245
2018-08-09 02:00:00,70622.73930555578
2018-08-09 14:00:00,70648.43472222218
2018-08-10 02:00:00,70406.93611111096
2018-08-10 14:00:00,70553.77875
2018-08-11 02:00:00,70378.39027777765
2018-08-11 14:00:00,70647.5852777778
2018-08-12 02:00:00,70460.75111111105
2018-08-12 14:00:00,70602.97125000003
2018-08-13 02:00:00,70362.11930555553
2018-08-13 14:00:00,70457.60041666678
2018-08-14 02:00:00,70249.23444444421
2018-08-14 14:00:00,70338.1584722224
2018-08-15 02:00:00,70193.27722222207
2018-08-15 14:00:00,70152.12472222223
2018-08-16 02:00:00,69882.92277777764
2018-08-16 14:00:00,69896.31599443674
2018-08-17 02:00:00,69653.89958333352
2018-08-17 14:00:00,69902.81680555563
2018-08-18 02:00:00,69537.11208333321
2018-08-18 14:00:00,69887.28291666688
2018-08-19 02:00:00,69617.58486111107
2018-08-19 14:00:00,69760.84624999999
2018-08-20 02:00:00,69589.59666666687
2018-08-20 14:00:00,69731.63194444455
2018-08-21 02:00:00,69482.73319444452
2018-08-21 14:00:00,68996.38375000008
2018-08-22 02:00:00,69167.70625000003
2018-08-22 14:00:00,69423.67333333349
2018-08-23 02:00:00,69104.0719444445
2018-08-23 14:00:00,69306.51333333334
2018-08-24 02:00:00,69088.23361111115
2018-08-24 14:00:00,69196.11236111114
2018-08-25 02:00:00,68983.02138888881
2018-08-25 14:00:00,69119.16361111119
2018-08-26 02:00:00,68926.27888888883
2018-08-26 14:00:00,68988.01624999987
2018-08-27 02:00:00,68812.94297635581
2018-08-27 14:00:00,68973.22055555551
2018-08-28 02:00:00,68844.62444444436
2018-08-28 14:00:00,68841.35444444443
2018-08-29 02:00:00,68661.01638888892
2018-08-29 14:00:00,68463.68319444451
2018-08-30 02:00:00,68324.59513888875
2018-08-30 14:00:00,68264.88958333338
2018-08-31 02:00:00,68188.9523611112
2018-08-31 14:00:00,68343.42392211416
2018-09-01 02:00:00,68199.64500000006
2018-09-01 14:00:00,68823.01500000004
2018-09-02 02:00:00,68647.93666666675
2018-09-02 14:00:00,68574.94472222215
2018-09-03 02:00:00,68526.11849791379
2018-09-03 14:00:00,68361.35680555567
2018-09-04 02:00:00,68269.72138888884
2018-09-04 14:00:00,68396.3031944445
2018-09-05 02:00:00,68300.65458333316
2018-09-05 14:00:00,68286.42222222242
2018-09-06 02:00:00,68184.71638888886
2018-09-06 14:00:00,68310.72833333327
2018-09-07 02:00:00,68216.31263888898
2018-09-07 14:00:00,68331.80403337964
2018-09-08 02:00:00,68209.24333333345
2018-09-08 14:00:00,68291.82513888911
2018-09-09 02:00:00,68162.34333333348
2018-09-09 14:00:00,68332.73138888885
2018-09-10 02:00:00,68168.84222222224
2018-09-10 14:00:00,68266.07263888902
2018-09-11 02:00:00,68160.1166666669
2018-09-11 14:00:00,68361.25236111111
2018-09-12 02:00:00,68245.83361111094
2018-09-12 14:00:00,68334.98124999995
2018-09-13 02:00:00,68243.91347222231
2018-09-13 14:00:00,68191.47791666683
2018-09-14 02:00:00,67927.0452777779
2018-09-14 14:00:00,68163.31347222216
2018-09-15 02:00:00,68025.15472222233
2018-09-15 14:00:00,68185.878611111
2018-09-16 02:00:00,67981.75013888898
2018-09-16 14:00:00,68134.53805555546
2018-09-17 02:00:00,67917.19236111113
2018-09-17 14:00:00,68101.00958333332
2018-09-18 02:00:00,67863.95458333316
2018-09-18 14:00:00,68188.20250347692
2018-09-19 02:00:00,67977.41430555559
2018-09-19 14:00:00,68269.33816155995
2018-09-20 02:00:00,68006.97097222236
2018-09-20 14:00:00,68318.38611111118
2018-09-21 02:00:00,68108.46125000018
2018-09-21 14:00:00,68025.91597222227
2018-09-22 02:00:00,68235.31319444448
2018-09-22 14:00:00,68320.47305555535
2018-09-23 02:00:00,68202.05791666677
2018-09-23 14:00:00,68220.8941666667
2018-09-24 02:00:00,68066.92736111111
2018-09-24 14:00:00,68284.70361111106
2018-09-25 02:00:00,68029.93611111115
2018-09-25 14:00:00,68260.72916666644
2018-09-26 02:00:00,68083.66986111106
2018-09-26 14:00:00,68251.50597222231
2018-09-27 02:00:00,68251.77388888887
2018-09-27 14:00:00,68282.3245833333
2018-09-28 02:00:00,67950.87777777785
2018-09-28 14:00:00,68152.73791666652
2018-09-29 02:00:00,67829.48472222223
2018-09-29 14:00:00,68093.58680555571
2018-09-30 02:00:00,67883.76513888889
2018-09-30 14:00:00,68021.48541666666
2018-10-01 02:00:00,67848.25347222223
2018-10-01 14:00:00,67941.64375000003
2018-10-02 02:00:00,67760.45785813621
2018-10-02 14:00:00,67905.67305555561
2018-10-03 02:00:00,67800.03500000018
2018-10-03 14:00:00,67834.09347222207
2018-10-04 02:00:00,67838.45652777787
2018-10-04 14:00:00,67855.20208333348
2018-10-05 02:00:00,67688.65624999978
2018-10-05 14:00:00,67627.05944444449
2018-10-06 02:00:00,67328.17763888882
2018-10-06 14:00:00,67590.24902777768
2018-10-07 02:00:00,67390.93000000004
2018-10-07 14:00:00,67413.72444444452
2018-10-08 02:00:00,67295.03777777769
2018-10-08 14:00:00,67556.82861111137
2018-10-09 02:00:00,67302.93124999995
2018-10-09 14:00:00,67451.42152777783
2018-10-10 02:00:00,67127.34374999997
2018-10-10 14:00:00,67445.0412500003
2018-10-11 02:00:00,67297.63958333325
2018-10-11 14:00:00,67405.08513888909
2018-10-12 02:00:00,67174.5343055556
2018-10-12 14:00:00,67411.61944444453
2018-10-13 02:00:00,67204.26513888894
2018-10-13 14:00:00,67410.40138888908
2018-10-14 02:00:00,67107.01666666655
2018-10-14 14:00:00,67394.96898470112
2018-10-15 02:00:00,67105.65597222217
2018-10-15 14:00:00,67325.73333333341
2018-10-16 02:00:00,67152.10569444449
2018-10-16 14:00:00,67349.84027777801
2018-10-17 02:00:00,67226.85597222227
2018-10-17 14:00:00,67403.83847222227
2018-10-18 02:00:00,67413.43249999969
2018-10-18 14:00:00,67365.41194444461
2018-10-19 02:00:00,67268.91166666661
2018-10-19 14:00:00,67328.16222222225
2018-10-20 02:00:00,67310.16222222226
2018-10-20 14:00:00,67307.14597222219
2018-10-21 02:00:00,67267.31958333332
2018-10-21 14:00:00,67587.28208333347
2018-10-22 02:00:00,67416.88208333332
2018-10-22 14:00:00,67407.92819444442
2018-10-23 02:00:00,67514.2008333333
2018-10-23 14:00:00,67439.49458333327
2018-10-24 02:00:00,67253.57083333339
2018-10-24 14:00:00,67400.98541666656
2018-10-25 02:00:00,67454.64472222216
2018-10-25 14:00:00,67322.57138888865
2018-10-26 02:00:00,67231.08861111112
2018-10-26 14:00:00,67218.96069444434
2018-10-27 02:00:00,67026.58499999995
2018-10-27 14:00:00,67208.49222222222
2018-10-28 02:00:00,66967.00500695391
2018-10-28 13:00:00,67292.8300000001
2018-10-29 01:00:00,67354.4762500001
2018-10-29 13:00:00,67219.58305555566
2018-10-30 01:00:00,67252.04416666673
2018-10-30 13:00:00,67023.02750000005
2018-10-31 01:00:00,67217.24444444441
2018-10-31 13:00:00,66956.96152777775
2018-11-01 01:00:00,66807.52861111099
2018-11-01 13:00:00,66948.86916666673
2018-11-02 01:00:00,66917.39138888878
2018-11-02 13:00:00,66856.6337500001
2018-11-03 01:00:00,66517.93874999984
2018-11-03 13:00:00,66659.18666666685
2018-11-04 01:00:00,66602.07180555564
2018-11-04 13:00:00,66953.76527777781
2018-11-05 01:00:00,66942.3175000002
2018-11-05 13:00:00,66861.54041666668
2018-11-06 01:00:00,66640.05069444444
2018-11-06 13:00:00,66731.53624999998
2018-11-07 01:00:00,66626.21986111115
2018-11-07 13:00:00,66667.90597222216
2018-11-08 01:00:00,66620.13625000004
2018-11-08 13:00:00,66595.70930555562
2018-11-09 01:00:00,66517.93305555549
2018-11-09 13:00:00,66812.86583333343
2018-11-10 01:00:00,66735.7055555556
2018-11-10 13:00:00,66758.82583333316
2018-11-11 01:00:00,66771.73097222227
2018-11-11 13:00:00,66636.2518776079
2018-11-12 01:00:00,66541.04680555548
2018-11-12 13:00:00,66722.90263888869
2018-11-13 01:00:00,66534.66027777782
2018-11-13 13:00:00,66595.4544444444
2018-11-14 01:00:00,66519.50277777773
2018-11-14 13:00:00,66635.97666666661
2018-11-15 01:00:00,66470.24486111109
2018-11-15 13:00:00,66461.74416666664
2018-11-16 01:00:00,66312.69874999985
2018-11-16 13:00:00,66405.57625000026
2018-11-17 01:00:00,66107.72083333312
2018-11-17 13:00:00,66359.57638888883
2018-11-18 01:00:00,66139.84097222207
2018-11-18 13:00:00,66589.2808333334
2018-11-19 01:00:00,66499.88513888887
2018-11-19 13:00:00,66370.48180555551
2018-11-20 01:00:00,66137.26791666668
2018-11-20 13:00:00,66392.03416666681
2018-11-21 01:00:00,66094.27097222202
2018-11-21 13:00:00,66157.4680555557
2018-11-22 01:00:00,66152.85111111122
2018-11-22 13:00:00,66280.28569444455
2018-11-23 01:00:00,66289.19097222235
2018-11-23 13:00:00,66442.00652777789
2018-11-24 01:00:00,66354.01125000019
2018-11-24 13:00:00,66309.59333333343
2018-11-25 01:00:00,66232.79124999982
2018-11-25 13:00:00,66255.92736111135
2018-11-26 01:00:00,66128.36986111119
2018-11-26 13:00:00,66192.01263888896
2018-11-27 01:00:00,66118.24923504879
2018-11-27 13:00:00,66197.33569444463
2018-11-28 01:00:00,65948.13222222228
2018-11-28 13:00:00,66098.85763888883
2018-11-29 01:00:00,65986.69055555563
2018-11-29 13:00:00,66312.65097222266
2018-11-30 01:00:00,66219.68597222224
2018-11-30 13:00:00,65996.43249999997
2018-12-01 01:00:00,66052.32986111102
2018-12-01 13:00:00,65971.58902777772
2018-12-02 01:00:00,65925.65388888874
2018-12-02 13:00:00,66139.92305555551
2018-12-03 01:00:00,66107.19402777785
2018-12-03 13:00:00,65894.27277777763
2018-12-04 01:00:00,65715.46569444449
2018-12-04 13:00:00,65951.1997222225
2018-12-05 01:00:00,65586.80097222226
2018-12-05 13:00:00,65974.94486111122
2018-12-06 01:00:00,66003.68791666688
2018-12-06 13:00:00,66049.0530555555
2018-12-07 01:00:00,66047.04166666674
2018-12-07 13:00:00,65889.80375000005
2018-12-08 01:00:00,65665.6747222222
2018-12-08 13:00:00,66092.32763888901
2018-12-09 01:00:00,65880.10555555556
2018-12-09 13:00:00,65807.17055555552
2018-12-10 01:00:00,65629.35166666687
2018-12-10 13:00:00,65862.55986111121
2018-12-11 01:00:00,65687.25236111105
2018-12-11 13:00:00,65830.19930555552
2018-12-12 01:00:00,65677.10931849794
2018-12-12 13:00:00,65617.06791666687
2018-12-13 01:00:00,65500.71375000023
2018-12-13 13:00:00,65645.78638888903
2018-12-14 01:00:00,65459.63652777784
2018-12-14 13:00:00,65405.16361111126
2018-12-15 01:00:00,65343.65027777773
2018-12-15 13:00:00,65490.132499999825
2018-12-16 01:00:00,65538.37486111114
2018-12-16 13:00:00,65518.71527777777
2018-12-17 01:00:00,65521.63583333338
2018-12-17 13:00:00,65764.66805555565
2018-12-18 01:00:00,65746.88624999991
2018-12-18 13:00:00,65501.76291666673
2018-12-19 01:00:00,65274.2986111113
2018-12-19 13:00:00,65719.02527777776
2018-12-20 01:00:00,65554.33041666656
2018-12-20 13:00:00,65611.39166666668
2018-12-21 01:00:00,65599.93708333327
2018-12-21 13:00:00,65633.33111111117
2018-12-22 01:00:00,65296.96249999999
2018-12-22 13:00:00,65947.05569444447
2018-12-23 01:00:00,66077.76444444434
2018-12-23 13:00:00,65828.58472222213
2018-12-24 01:00:00,65456.787777777725
2018-12-24 13:00:00,66063.21625000008
2018-12-25 01:00:00,66127.28680555553
2018-12-25 13:00:00,65935.74375
2018-12-26 01:00:00,65983.59847222238
2018-12-26 13:00:00,65924.77763888887
2018-12-27 01:00:00,65672.77194444463
2018-12-27 13:00:00,65966.18456189152
2018-12-28 01:00:00,65953.62486111105
2018-12-28 13:00:00,65846.18027777778
2018-12-29 01:00:00,65788.60486111107
2018-12-29 13:00:00,65820.42000000003
2018-12-30 01:00:00,65726.06152777774
2018-12-30 13:00:00,65675.20694444442
2018-12-31 01:00:00,65854.36069444452
2018-12-31 13:00:00,65807.37180555545
2019-01-01 01:00:00,65600.87944444439
2019-01-01 13:00:00,65436.05111111108
2019-01-02 01:00:00,65366.767777777786
2019-01-02 13:00:00,65385.83333333334
2019-01-03 01:00:00,65104.89347222205
2019-01-03 13:00:00,65518.85194444455
2019-01-04 01:00:00,65575.28763888916
2019-01-04 13:00:00,65679.3883333333
2019-01-05 01:00:00,65681.74847222224
2019-01-05 13:00:00,65494.08763888888
2019-01-06 01:00:00,65352.632916666706
2019-01-06 13:00:00,65710.58888888896
2019-01-07 01:00:00,65620.18611111093
2019-01-07 13:00:00,65546.36319444457
2019-01-08 01:00:00,65444.90916666668
2019-01-08 13:00:00,65206.79749652324
2019-01-09 01:00:00,65173.11888888903
2019-01-09 13:00:00,65363.469722222355
2019-01-10 01:00:00,65302.46333333312
2019-01-10 13:00:00,65348.873333333475
2019-01-11 01:00:00,65467.1806944444
2019-01-11 13:00:00,65258.7850000001
2019-01-12 01:00:00,65413.952777777726
2019-01-12 13:00:00,65426.52847222221
2019-01-13 01:00:00,65391.96069444451
2019-01-13 13:00:00,65225.23611111113
2019-01-14 01:00:00,64988.259027778
2019-01-14 13:00:00,65198.94013888867
2019-01-15 01:00:00,65398.057638889055
2019-01-15 13:00:00,65402.2651388888
2019-01-16 01:00:00,65341.31625
2019-01-16 13:00:00,65133.2072222224
2019-01-17 01:00:00,65091.92416666662
2019-01-17 13:00:00,65017.54319444463
2019-01-18 01:00:00,64642.01446453406
2019-01-18 13:00:00,65324.9901251738
2019-01-19 01:00:00,65140.191933240545
2019-01-19 13:00:00,64943.235465924925
2019-01-20 01:00:00,64638.67652777778
2019-01-20 13:00:00,64924.700833333474
2019-01-21 01:00:00,64663.597638888816
2019-01-21 13:00:00,65230.879305555565
2019-01-22 01:00:00,65144.86500000001
2019-01-22 13:00:00,64786.963472222145
2019-01-23 01:00:00,64531.770833333176
2019-01-23 13:00:00,64757.291944444376
2019-01-24 01:00:00,64674.39236111104
2019-01-24 13:00:00,65003.398888888914
2019-01-25 01:00:00,64969.32277777791
2019-01-25 13:00:00,64913.745694444326
2019-01-26 01:00:00,65117.728472222196
2019-01-26 13:00:00,64943.37916666686
2019-01-27 01:00:00,64982.12541666668
2019-01-27 13:00:00,64959.68291666668
2019-01-28 01:00:00,64747.01013888895
2019-01-28 13:00:00,64746.76847222253
2019-01-29 01:00:00,64576.04923504878
2019-01-29 13:00:00,64691.531388889074
2019-01-30 01:00:00,64513.227777777785
2019-01-30 13:00:00,64717.797777777996
2019-01-31 01:00:00,64654.62222222232
2019-01-31 13:00:00,64585.55236111119
2019-02-01 01:00:00,64360.77458333336
2019-02-01 13:00:00,64510.613888889144
2019-02-02 01:00:00,64218.88333333317
2019-02-02 13:00:00,64336.510694444405
2019-02-03 01:00:00,64225.99013888893
2019-02-03 13:00:00,64113.48513888865
2019-02-04 01:00:00,63993.82680555536
2019-02-04 13:00:00,64238.548750000155
2019-02-05 01:00:00,64176.77624999986
2019-02-05 13:00:00,64177.35555555567
2019-02-06 01:00:00,64021.40208333334
2019-02-06 13:00:00,64240.67930555558
2019-02-07 01:00:00,64166.96180555543
2019-02-07 13:00:00,64098.587777777764
2019-02-08 01:00:00,64036.3690277777
2019-02-08 13:00:00,64145.878888888925
2019-02-09 01:00:00,64089.971388888924
2019-02-09 13:00:00,63991.191666666644
2019-02-10 01:00:00,63935.38624999992
2019-02-10 13:00:00,63997.93583333334
2019-02-11 01:00:00,63900.37999999997
2019-02-11 13:00:00,63772.28736111112
2019-02-12 01:00:00,63882.1819444445
2019-02-12 13:00:00,63896.747361111076
2019-02-13 01:00:00,63940.15124999992
2019-02-13 13:00:00,63934.558888888845
2019-02-14 01:00:00,63772.938055555554
2019-02-14 13:00:00,63741.099583333475
2019-02-15 01:00:00,63436.68541666668
2019-02-15 13:00:00,63594.21916666669
2019-02-16 01:00:00,63394.109444444366
2019-02-16 13:00:00,63399.621666666906
2019-02-17 01:00:00,63371.15166666677
2019-02-17 13:00:00,63112.9245833334
2019-02-18 01:00:00,62831.750208623074
2019-02-18 13:00:00,63012.73472222216
2019-02-19 01:00:00,62984.39263888878
2019-02-19 13:00:00,63035.643194444514
2019-02-20 01:00:00,63042.85402777785
2019-02-20 13:00:00,63016.6872222223
2019-02-21 01:00:00,62908.83777777776
2019-02-21 13:00:00,62999.97541666666
2019-02-22 01:00:00,62808.20458333332
2019-02-22 13:00:00,62842.16777777785
2019-02-23 01:00:00,62598.37083333327
2019-02-23 13:00:00,62764.547222222325
2019-02-24 01:00:00,62551.319583333214
2019-02-24 13:00:00,62686.71444444456
2019-02-25 01:00:00,62389.0005555554
2019-02-25 13:00:00,62612.759583333434
2019-02-26 01:00:00,62412.27263888879
2019-02-26 13:00:00,62533.22736111116
2019-02-27 01:00:00,62227.98374999996
2019-02-27 13:00:00,62368.385277777794
2019-02-28 01:00:00,62260.07652777778
2019-02-28 13:00:00,62355.62097222216
2019-03-01 01:00:00,62202.76083333328
2019-03-01 13:00:00,62312.11305555559
2019-03-02 01:00:00,62173.44833333332
2019-03-02 13:00:00,62318.016388888886
2019-03-03 01:00:00,62419.42809457581
2019-03-03 13:00:00,62379.93291666651
2019-03-04 01:00:00,62310.64208333316
2019-03-04 13:00:00,62293.74166666673
2019-03-05 01:00:00,62313.42013888888
2019-03-05 13:00:00,62192.373472222236
2019-03-06 01:00:00,61964.27208333338
2019-03-06 13:00:00,62261.07361111088
2019-03-07 01:00:00,62229.21888888902
2019-03-07 13:00:00,62073.85847222227
2019-03-08 01:00:00,61984.9095833333
2019-03-08 13:00:00,61988.36391912902
2019-03-09 01:00:00,
2019-03-09 13:00:00,
2019-03-10 01:00:00,62002.12197496513
2019-03-10 13:00:00,61832.76013888895
2019-03-11 01:00:00,61736.1597222221
2019-03-11 13:00:00,61771.15944444454
2019-03-12 01:00:00,61692.2302777778
2019-03-12 13:00:00,61822.088888888786
2019-03-13 01:00:00,61655.5977777778
2019-03-13 13:00:00,61796.711111111086
2019-03-14 01:00:00,61742.067777777826
2019-03-14 13:00:00,61850.987777777686
2019-03-15 01:00:00,61688.48331015298
2019-03-15 13:00:00,61701.22125000009
2019-03-16 01:00:00,61626.476388888914
2019-03-16 13:00:00,61808.91708333331
2019-03-17 01:00:00,61776.99333333322
2019-03-17 13:00:00,61570.87958333343
2019-03-18 01:00:00,61509.40305555557
2019-03-18 13:00:00,61634.299305555505
2019-03-19 01:00:00,61454.808611110915
2019-03-19 13:00:00,61447.003888889034
2019-03-20 01:00:00,61188.875277777865
2019-03-20 13:00:00,61519.802361111135
2019-03-21 01:00:00,61438.620000000046
2019-03-21 13:00:00,61488.56263888906
2019-03-22 01:00:00,61301.73541666661
2019-03-22 13:00:00,62345.25375000003
2019-03-23 01:00:00,62647.56722222234
2019-03-23 13:00:00,62909.991111110925
2019-03-24 01:00:00,62738.338194444426
2019-03-24 13:00:00,63231.942500000085
2019-03-25 01:00:00,63178.54722222222
2019-03-25 13:00:00,63240.12444444442
2019-03-26 01:00:00,63041.51305555541
2019-03-26 13:00:00,63076.45104311534
2019-03-27 01:00:00,62951.06749999997
2019-03-27 13:00:00,63016.57152777787
2019-03-28 01:00:00,62877.68374999995
2019-03-28 13:00:00,63308.36013888899
2019-03-29 01:00:00,63254.597361111155
2019-03-29 13:00:00,65583.37722222213
2019-03-30 01:00:00,65542.71083333329
2019-03-30 13:00:00,68041.71652777775
2019-03-31 01:00:00,67864.4293055555
2019-03-31 14:00:00,67797.46222222233
2019-04-01 02:00:00,67398.59263888901
2019-04-01 14:00:00,67774.54138888887
2019-04-02 02:00:00,67435.23722222213
2019-04-02 14:00:00,68272.92388888888
2019-04-03 02:00:00,68061.8941666666
2019-04-03 14:00:00,68169.30041666668
2019-04-04 02:00:00,68068.51930555548
2019-04-04 14:00:00,69277.59166666659
2019-04-05 02:00:00,69224.12652777764
2019-04-05 14:00:00,70133.16375000008
2019-04-06 02:00:00,69971.54075104317
2019-04-06 14:00:00,70835.24041666673
2019-04-07 02:00:00,70613.6373611111
2019-04-07 14:00:00,71275.47277777788
2019-04-08 02:00:00,70889.7729166668
2019-04-08 14:00:00,71140.53749999992
2019-04-09 02:00:00,70741.08277777782
2019-04-09 14:00:00,70851.72777777772
2019-04-10 02:00:00,70330.53222222223
2019-04-10 14:00:00,70893.65805555563
2019-04-11 02:00:00,70426.38194444455
2019-04-11 14:00:00,70551.81624999992
2019-04-12 02:00:00,70164.63402777794
2019-04-12 14:00:00,70575.81097222194
2019-04-13 02:00:00,70213.76749999999
2019-04-13 14:00:00,70363.78402777776
2019-04-14 02:00:00,70258.37208333342
2019-04-14 14:00:00,70249.87861111124
2019-04-15 02:00:00,69761.97694444438
2019-04-15 14:00:00,69900.620138889
2019-04-16 02:00:00,69473.87888888901
2019-04-16 14:00:00,69952.9061111112
2019-04-17 02:00:00,69629.47749999996
2019-04-17 14:00:00,70913.09360222529
2019-04-18 02:00:00,70461.66125000012
2019-04-18 14:00:00,70939.59972222237
2019-04-19 02:00:00,70690.27069444442
2019-04-19 14:00:00,71769.91944444446
2019-04-20 02:00:00,71049.85222222237
2019-04-20 14:00:00,71393.7656944445
2019-04-21 02:00:00,70988.00041666692
2019-04-21 14:00:00,72649.96749999997
2019-04-22 02:00:00,72183.86750000004
2019-04-22 14:00:00,73457.12569444442
2019-04-23 02:00:00,72942.02555555565
2019-04-23 14:00:00,74143.20972222218
2019-04-24 02:00:00,73595.79222222233
2019-04-24 14:00:00,75402.41500000004
2019-04-25 02:00:00,75188.86791666666
2019-04-25 14:00:00,77072.17399165515
2019-04-26 02:00:00,76618.3854166666
2019-04-26 14:00:00,77299.01527777768
2019-04-27 02:00:00,77006.12958333324
2019-04-27 14:00:00,77709.44708333322
2019-04-28 02:00:00,77056.35972222229
2019-04-28 14:00:00,77426.53861111113
2019-04-29 02:00:00,77140.19055555554
2019-04-29 14:00:00,77434.72680555543
2019-04-30 02:00:00,76878.64458333331
2019-04-30 14:00:00,78565.07513888893
2019-05-01 02:00:00,78305.02624999992
2019-05-01 14:00:00,78622.28833333343
2019-05-02 02:00:00,78332.17555555548
2019-05-02 14:00:00,78412.04138888887
2019-05-03 02:00:00,77858.88958333338
2019-05-03 14:00:00,78121.43499999992
2019-05-04 02:00:00,77557.71347222211
2019-05-04 14:00:00,77796.45069444446
2019-05-05 02:00:00,76990.55458333337
2019-05-05 14:00:00,77160.19193324052
2019-05-06 02:00:00,76578.20013888887
2019-05-06 14:00:00,77159.97777777778
2019-05-07 02:00:00,76453.4779166668
2019-05-07 14:00:00,76999.25277777758
2019-05-08 02:00:00,76453.59069444439
2019-05-08 14:00:00,77838.91277777772
2019-05-09 02:00:00,77583.32611111112
2019-05-09 14:00:00,79296.68458333341
2019-05-10 02:00:00,78863.45625000006
2019-05-10 14:00:00,78724.72555555568
2019-05-11 02:00:00,78015.41027777782
2019-05-11 14:00:00,79159.8958333335
2019-05-12 02:00:00,78712.24277777784
2019-05-12 14:00:00,79620.38250000004
2019-05-13 02:00:00,78268.91763888889
2019-05-13 14:00:00,76505.30374999982
2019-05-14 02:00:00,76047.00875000011
2019-05-14 14:00:00,76995.3270833333
2019-05-15 02:00:00,76541.17246175242
2019-05-15 14:00:00,77955.62027777791
2019-05-16 02:00:00,77468.14194444435
2019-05-16 14:00:00,77292.5343055554
2019-05-17 02:00:00,77137.8515277779
2019-05-17 14:00:00,78109.31597222207
2019-05-18 02:00:00,78133.61402777782
2019-05-18 14:00:00,79742.30805555564
2019-05-19 02:00:00,79416.42597222229
2019-05-19 14:00:00,79792.24666666675
2019-05-20 02:00:00,79563.08541666671
2019-05-20 14:00:00,80092.2436111111
2019-05-21 02:00:00,79356.26986111111
2019-05-21 14:00:00,78260.35819444443
2019-05-22 02:00:00,77646.14916666666
2019-05-22 14:00:00,77810.60847222223
2019-05-23 02:00:00,77209.1476388889
2019-05-23 14:00:00,77291.60556328237
2019-05-24 02:00:00,77084.2350000001
2019-05-24 14:00:00,77414.47638888878
2019-05-25 02:00:00,77045.11180555544
2019-05-25 14:00:00,75877.96847222238
2019-05-26 02:00:00,75433.20777777773
2019-05-26 14:00:00,75796.06402777805
2019-05-27 02:00:00,75557.02444444454
2019-05-27 14:00:00,75676.16055555554
2019-05-28 02:00:00,75286.2063888889
2019-05-28 14:00:00,75154.13958333335
2019-05-29 02:00:00,74787.55319444441
2019-05-29 14:00:00,74938.61902777776
2019-05-30 02:00:00,74587.5283333333
2019-05-30 14:00:00,75265.28569444446
2019-05-31 02:00:00,75129.85361111112
2019-05-31 14:00:00,74620.43125000001
